<org.drools.solver.examples.nqueens.domain.NQueens id="1">
  <queenList id="2">
    <org.drools.solver.examples.nqueens.domain.Queen id="3">
      <x>0</x>
      <y>3</y>
      <id>0</id>
    </org.drools.solver.examples.nqueens.domain.Queen>
    <org.drools.solver.examples.nqueens.domain.Queen id="4">
      <x>1</x>
      <y>9</y>
      <id>1</id>
    </org.drools.solver.examples.nqueens.domain.Queen>
    <org.drools.solver.examples.nqueens.domain.Queen id="5">
      <x>2</x>
      <y>13</y>
      <id>2</id>
    </org.drools.solver.examples.nqueens.domain.Queen>
    <org.drools.solver.examples.nqueens.domain.Queen id="6">
      <x>3</x>
      <y>10</y>
      <id>3</id>
    </org.drools.solver.examples.nqueens.domain.Queen>
    <org.drools.solver.examples.nqueens.domain.Queen id="7">
      <x>4</x>
      <y>8</y>
      <id>4</id>
    </org.drools.solver.examples.nqueens.domain.Queen>
    <org.drools.solver.examples.nqueens.domain.Queen id="8">
      <x>5</x>
      <y>1</y>
      <id>5</id>
    </org.drools.solver.examples.nqueens.domain.Queen>
    <org.drools.solver.examples.nqueens.domain.Queen id="9">
      <x>6</x>
      <y>11</y>
      <id>6</id>
    </org.drools.solver.examples.nqueens.domain.Queen>
    <org.drools.solver.examples.nqueens.domain.Queen id="10">
      <x>7</x>
      <y>2</y>
      <id>7</id>
    </org.drools.solver.examples.nqueens.domain.Queen>
    <org.drools.solver.examples.nqueens.domain.Queen id="11">
      <x>8</x>
      <y>14</y>
      <id>8</id>
    </org.drools.solver.examples.nqueens.domain.Queen>
    <org.drools.solver.examples.nqueens.domain.Queen id="12">
      <x>9</x>
      <y>7</y>
      <id>9</id>
    </org.drools.solver.examples.nqueens.domain.Queen>
    <org.drools.solver.examples.nqueens.domain.Queen id="13">
      <x>10</x>
      <y>4</y>
      <id>10</id>
    </org.drools.solver.examples.nqueens.domain.Queen>
    <org.drools.solver.examples.nqueens.domain.Queen id="14">
      <x>11</x>
      <y>0</y>
      <id>11</id>
    </org.drools.solver.examples.nqueens.domain.Queen>
    <org.drools.solver.examples.nqueens.domain.Queen id="15">
      <x>12</x>
      <y>12</y>
      <id>12</id>
    </org.drools.solver.examples.nqueens.domain.Queen>
    <org.drools.solver.examples.nqueens.domain.Queen id="16">
      <x>13</x>
      <y>6</y>
      <id>13</id>
    </org.drools.solver.examples.nqueens.domain.Queen>
    <org.drools.solver.examples.nqueens.domain.Queen id="17">
      <x>14</x>
      <y>15</y>
      <id>14</id>
    </org.drools.solver.examples.nqueens.domain.Queen>
    <org.drools.solver.examples.nqueens.domain.Queen id="18">
      <x>15</x>
      <y>5</y>
      <id>15</id>
    </org.drools.solver.examples.nqueens.domain.Queen>
  </queenList>
</org.drools.solver.examples.nqueens.domain.NQueens>