<?xml version="1.0" encoding="UTF-8"?>
<solverBenchmarkSuite>
    <solvedSolutionVerbosity>ALL</solvedSolutionVerbosity>
    <solvedSolutionFilesDirectory>local/data/travelingtournament/smart/solved</solvedSolutionFilesDirectory>
    <sortSolverBenchmarks>true</sortSolverBenchmarks>
    <!-- solverBenchmarkResultComparator -->
    <inheritedUnsolvedSolutionFile>data/travelingtournament/smart/unsolved/1-nl10.xml</inheritedUnsolvedSolutionFile>
    <inheritedLocalSearchSolver>
        <scoreDrl>/org/drools/solver/examples/travelingtournament/solver/smart/smartTravelingTournamentScoreRules.drl</scoreDrl>
        <scoreCalculator>
            <scoreCalculatorType>HARD_AND_SOFT_CONSTRAINTS</scoreCalculatorType>
        </scoreCalculator>
        <finish>
            <maximumHouresSpend>2</maximumHouresSpend>
        </finish>
        <selector>
            <moveFactoryClass>org.drools.solver.examples.travelingtournament.solver.smart.SmartTravelingTournamentMoveFactory</moveFactoryClass>
        </selector>
        <forager>
            <foragerType>MAX_SCORE_OF_ALL</foragerType>
        </forager>
    </inheritedLocalSearchSolver>

    <solverBenchmark>
        <localSearchSolver>
            <!-- Warmup JIT -->
            <finish>
                <maximumMinutesSpend>2</maximumMinutesSpend>
            </finish>
            <accepter>
                <completeSolutionTabuSize>10</completeSolutionTabuSize>
                <completeMoveTabuSize>10</completeMoveTabuSize>
                <completePropertyTabuSize>10</completePropertyTabuSize>
            </accepter>
        </localSearchSolver>
    </solverBenchmark>
    <solverBenchmark>
        <localSearchSolver>
            <accepter>
                <completeSolutionTabuSize>1500</completeSolutionTabuSize>
            </accepter>
        </localSearchSolver>
    </solverBenchmark>
    <solverBenchmark>
        <localSearchSolver>
            <accepter>
                <completeMoveTabuSize>20</completeMoveTabuSize>
            </accepter>
        </localSearchSolver>
    </solverBenchmark>
    <solverBenchmark>
        <localSearchSolver>
            <accepter>
                <completeMoveTabuSize>30</completeMoveTabuSize>
            </accepter>
        </localSearchSolver>
    </solverBenchmark>
    <solverBenchmark>
        <localSearchSolver>
            <accepter>
                <completeMoveTabuSize>40</completeMoveTabuSize>
            </accepter>
        </localSearchSolver>
    </solverBenchmark>
    <solverBenchmark>
        <localSearchSolver>
            <accepter>
                <completeUndoMoveTabuSize>30</completeUndoMoveTabuSize>
            </accepter>
        </localSearchSolver>
    </solverBenchmark>
    <solverBenchmark>
        <localSearchSolver>
            <accepter>
                <completePropertyTabuSize>20</completePropertyTabuSize>
            </accepter>
        </localSearchSolver>
    </solverBenchmark>
    <solverBenchmark>
        <localSearchSolver>
            <accepter>
                <completePropertyTabuSize>30</completePropertyTabuSize>
            </accepter>
        </localSearchSolver>
    </solverBenchmark>
    <solverBenchmark>
        <localSearchSolver>
            <accepter>
                <completePropertyTabuSize>40</completePropertyTabuSize>
            </accepter>
        </localSearchSolver>
    </solverBenchmark>

    <solverBenchmark>
        <localSearchSolver>
            <accepter>
                <completeSolutionTabuSize>1500</completeSolutionTabuSize>
                <completeMoveTabuSize>5</completeMoveTabuSize>
            </accepter>
        </localSearchSolver>
    </solverBenchmark>
    <solverBenchmark>
        <localSearchSolver>
            <accepter>
                <completeSolutionTabuSize>1500</completeSolutionTabuSize>
                <completeMoveTabuSize>30</completeMoveTabuSize>
            </accepter>
        </localSearchSolver>
    </solverBenchmark>
    <solverBenchmark>
        <localSearchSolver>
            <accepter>
                <completeSolutionTabuSize>1500</completeSolutionTabuSize>
                <completeUndoMoveTabuSize>5</completeUndoMoveTabuSize>
            </accepter>
        </localSearchSolver>
    </solverBenchmark>
    <solverBenchmark>
        <localSearchSolver>
            <accepter>
                <completeSolutionTabuSize>1500</completeSolutionTabuSize>
                <completeUndoMoveTabuSize>30</completeUndoMoveTabuSize>
            </accepter>
        </localSearchSolver>
    </solverBenchmark>
    <solverBenchmark>
        <localSearchSolver>
            <accepter>
                <completeSolutionTabuSize>1500</completeSolutionTabuSize>
                <completePropertyTabuSize>5</completePropertyTabuSize>
            </accepter>
        </localSearchSolver>
    </solverBenchmark>
    <solverBenchmark>
        <localSearchSolver>
            <accepter>
                <completeSolutionTabuSize>1500</completeSolutionTabuSize>
                <completePropertyTabuSize>30</completePropertyTabuSize>
            </accepter>
        </localSearchSolver>
    </solverBenchmark>

    <solverBenchmark>
        <localSearchSolver>
            <accepter>
                <completeMoveTabuSize>30</completeMoveTabuSize>
                <completePropertyTabuSize>30</completePropertyTabuSize>
            </accepter>
        </localSearchSolver>
    </solverBenchmark>
    <solverBenchmark>
        <localSearchSolver>
            <accepter>
                <completeUndoMoveTabuSize>30</completeUndoMoveTabuSize>
                <completePropertyTabuSize>30</completePropertyTabuSize>
            </accepter>
        </localSearchSolver>
    </solverBenchmark>
    <solverBenchmark>
        <localSearchSolver>
            <accepter>
                <completeSolutionTabuSize>1500</completeSolutionTabuSize>
                <completeUndoMoveTabuSize>5</completeUndoMoveTabuSize>
                <completePropertyTabuSize>5</completePropertyTabuSize>
            </accepter>
        </localSearchSolver>
    </solverBenchmark>
    <solverBenchmark>
        <localSearchSolver>
            <accepter>
                <completeSolutionTabuSize>1500</completeSolutionTabuSize>
                <completeUndoMoveTabuSize>30</completeUndoMoveTabuSize>
                <completePropertyTabuSize>30</completePropertyTabuSize>
            </accepter>
        </localSearchSolver>
    </solverBenchmark>
</solverBenchmarkSuite>
