<org.drools.solver.examples.travelingtournament.domain.TravelingTournament id="1">
  <dayList id="2">
    <org.drools.solver.examples.travelingtournament.domain.Day id="3">
      <index>0</index>
      <id>0</id>
    </org.drools.solver.examples.travelingtournament.domain.Day>
    <org.drools.solver.examples.travelingtournament.domain.Day id="4">
      <index>1</index>
      <id>1</id>
    </org.drools.solver.examples.travelingtournament.domain.Day>
    <org.drools.solver.examples.travelingtournament.domain.Day id="5">
      <index>2</index>
      <id>2</id>
    </org.drools.solver.examples.travelingtournament.domain.Day>
    <org.drools.solver.examples.travelingtournament.domain.Day id="6">
      <index>3</index>
      <id>3</id>
    </org.drools.solver.examples.travelingtournament.domain.Day>
    <org.drools.solver.examples.travelingtournament.domain.Day id="7">
      <index>4</index>
      <id>4</id>
    </org.drools.solver.examples.travelingtournament.domain.Day>
    <org.drools.solver.examples.travelingtournament.domain.Day id="8">
      <index>5</index>
      <id>5</id>
    </org.drools.solver.examples.travelingtournament.domain.Day>
    <org.drools.solver.examples.travelingtournament.domain.Day id="9">
      <index>6</index>
      <id>6</id>
    </org.drools.solver.examples.travelingtournament.domain.Day>
    <org.drools.solver.examples.travelingtournament.domain.Day id="10">
      <index>7</index>
      <id>7</id>
    </org.drools.solver.examples.travelingtournament.domain.Day>
    <org.drools.solver.examples.travelingtournament.domain.Day id="11">
      <index>8</index>
      <id>8</id>
    </org.drools.solver.examples.travelingtournament.domain.Day>
    <org.drools.solver.examples.travelingtournament.domain.Day id="12">
      <index>9</index>
      <id>9</id>
    </org.drools.solver.examples.travelingtournament.domain.Day>
  </dayList>
  <teamList id="13">
    <org.drools.solver.examples.travelingtournament.domain.Team id="14">
      <name>ATL</name>
      <distanceToTeamMap id="15">
        <entry>
          <org.drools.solver.examples.travelingtournament.domain.Team id="16">
            <name>MON</name>
            <distanceToTeamMap id="17">
              <entry>
                <org.drools.solver.examples.travelingtournament.domain.Team reference="16"/>
                <int>0</int>
              </entry>
              <entry>
                <org.drools.solver.examples.travelingtournament.domain.Team id="18">
                  <name>PIT</name>
                  <distanceToTeamMap id="19">
                    <entry>
                      <org.drools.solver.examples.travelingtournament.domain.Team reference="16"/>
                      <int>408</int>
                    </entry>
                    <entry>
                      <org.drools.solver.examples.travelingtournament.domain.Team reference="18"/>
                      <int>0</int>
                    </entry>
                    <entry>
                      <org.drools.solver.examples.travelingtournament.domain.Team reference="14"/>
                      <int>521</int>
                    </entry>
                    <entry>
                      <org.drools.solver.examples.travelingtournament.domain.Team id="20">
                        <name>NYM</name>
                        <distanceToTeamMap id="21">
                          <entry>
                            <org.drools.solver.examples.travelingtournament.domain.Team reference="16"/>
                            <int>337</int>
                          </entry>
                          <entry>
                            <org.drools.solver.examples.travelingtournament.domain.Team reference="18"/>
                            <int>315</int>
                          </entry>
                          <entry>
                            <org.drools.solver.examples.travelingtournament.domain.Team reference="14"/>
                            <int>745</int>
                          </entry>
                          <entry>
                            <org.drools.solver.examples.travelingtournament.domain.Team reference="20"/>
                            <int>0</int>
                          </entry>
                          <entry>
                            <org.drools.solver.examples.travelingtournament.domain.Team id="22">
                              <name>PHI</name>
                              <distanceToTeamMap id="23">
                                <entry>
                                  <org.drools.solver.examples.travelingtournament.domain.Team reference="16"/>
                                  <int>380</int>
                                </entry>
                                <entry>
                                  <org.drools.solver.examples.travelingtournament.domain.Team reference="18"/>
                                  <int>257</int>
                                </entry>
                                <entry>
                                  <org.drools.solver.examples.travelingtournament.domain.Team reference="14"/>
                                  <int>665</int>
                                </entry>
                                <entry>
                                  <org.drools.solver.examples.travelingtournament.domain.Team reference="20"/>
                                  <int>80</int>
                                </entry>
                                <entry>
                                  <org.drools.solver.examples.travelingtournament.domain.Team reference="22"/>
                                  <int>0</int>
                                </entry>
                                <entry>
                                  <org.drools.solver.examples.travelingtournament.domain.Team id="24">
                                    <name>FLA</name>
                                    <distanceToTeamMap id="25">
                                      <entry>
                                        <org.drools.solver.examples.travelingtournament.domain.Team reference="16"/>
                                        <int>1380</int>
                                      </entry>
                                      <entry>
                                        <org.drools.solver.examples.travelingtournament.domain.Team reference="18"/>
                                        <int>1010</int>
                                      </entry>
                                      <entry>
                                        <org.drools.solver.examples.travelingtournament.domain.Team reference="14"/>
                                        <int>605</int>
                                      </entry>
                                      <entry>
                                        <org.drools.solver.examples.travelingtournament.domain.Team reference="20"/>
                                        <int>1090</int>
                                      </entry>
                                      <entry>
                                        <org.drools.solver.examples.travelingtournament.domain.Team reference="22"/>
                                        <int>1020</int>
                                      </entry>
                                      <entry>
                                        <org.drools.solver.examples.travelingtournament.domain.Team reference="24"/>
                                        <int>0</int>
                                      </entry>
                                    </distanceToTeamMap>
                                    <id>4</id>
                                  </org.drools.solver.examples.travelingtournament.domain.Team>
                                  <int>1020</int>
                                </entry>
                              </distanceToTeamMap>
                              <id>2</id>
                            </org.drools.solver.examples.travelingtournament.domain.Team>
                            <int>80</int>
                          </entry>
                          <entry>
                            <org.drools.solver.examples.travelingtournament.domain.Team reference="24"/>
                            <int>1090</int>
                          </entry>
                        </distanceToTeamMap>
                        <id>1</id>
                      </org.drools.solver.examples.travelingtournament.domain.Team>
                      <int>315</int>
                    </entry>
                    <entry>
                      <org.drools.solver.examples.travelingtournament.domain.Team reference="22"/>
                      <int>257</int>
                    </entry>
                    <entry>
                      <org.drools.solver.examples.travelingtournament.domain.Team reference="24"/>
                      <int>1010</int>
                    </entry>
                  </distanceToTeamMap>
                  <id>5</id>
                </org.drools.solver.examples.travelingtournament.domain.Team>
                <int>408</int>
              </entry>
              <entry>
                <org.drools.solver.examples.travelingtournament.domain.Team reference="14"/>
                <int>929</int>
              </entry>
              <entry>
                <org.drools.solver.examples.travelingtournament.domain.Team reference="20"/>
                <int>337</int>
              </entry>
              <entry>
                <org.drools.solver.examples.travelingtournament.domain.Team reference="22"/>
                <int>380</int>
              </entry>
              <entry>
                <org.drools.solver.examples.travelingtournament.domain.Team reference="24"/>
                <int>1380</int>
              </entry>
            </distanceToTeamMap>
            <id>3</id>
          </org.drools.solver.examples.travelingtournament.domain.Team>
          <int>929</int>
        </entry>
        <entry>
          <org.drools.solver.examples.travelingtournament.domain.Team reference="18"/>
          <int>521</int>
        </entry>
        <entry>
          <org.drools.solver.examples.travelingtournament.domain.Team reference="14"/>
          <int>0</int>
        </entry>
        <entry>
          <org.drools.solver.examples.travelingtournament.domain.Team reference="20"/>
          <int>745</int>
        </entry>
        <entry>
          <org.drools.solver.examples.travelingtournament.domain.Team reference="22"/>
          <int>665</int>
        </entry>
        <entry>
          <org.drools.solver.examples.travelingtournament.domain.Team reference="24"/>
          <int>605</int>
        </entry>
      </distanceToTeamMap>
      <id>0</id>
    </org.drools.solver.examples.travelingtournament.domain.Team>
    <org.drools.solver.examples.travelingtournament.domain.Team reference="20"/>
    <org.drools.solver.examples.travelingtournament.domain.Team reference="22"/>
    <org.drools.solver.examples.travelingtournament.domain.Team reference="16"/>
    <org.drools.solver.examples.travelingtournament.domain.Team reference="24"/>
    <org.drools.solver.examples.travelingtournament.domain.Team reference="18"/>
  </teamList>
  <matchList id="26">
    <org.drools.solver.examples.travelingtournament.domain.Match id="27">
      <homeTeam reference="14"/>
      <awayTeam reference="20"/>
      <day reference="6"/>
      <id>0</id>
    </org.drools.solver.examples.travelingtournament.domain.Match>
    <org.drools.solver.examples.travelingtournament.domain.Match id="28">
      <homeTeam reference="14"/>
      <awayTeam reference="22"/>
      <day reference="11"/>
      <id>1</id>
    </org.drools.solver.examples.travelingtournament.domain.Match>
    <org.drools.solver.examples.travelingtournament.domain.Match id="29">
      <homeTeam reference="14"/>
      <awayTeam reference="16"/>
      <day reference="10"/>
      <id>2</id>
    </org.drools.solver.examples.travelingtournament.domain.Match>
    <org.drools.solver.examples.travelingtournament.domain.Match id="30">
      <homeTeam reference="14"/>
      <awayTeam reference="24"/>
      <day reference="12"/>
      <id>3</id>
    </org.drools.solver.examples.travelingtournament.domain.Match>
    <org.drools.solver.examples.travelingtournament.domain.Match id="31">
      <homeTeam reference="14"/>
      <awayTeam reference="18"/>
      <day reference="5"/>
      <id>4</id>
    </org.drools.solver.examples.travelingtournament.domain.Match>
    <org.drools.solver.examples.travelingtournament.domain.Match id="32">
      <homeTeam reference="20"/>
      <awayTeam reference="14"/>
      <day reference="9"/>
      <id>5</id>
    </org.drools.solver.examples.travelingtournament.domain.Match>
    <org.drools.solver.examples.travelingtournament.domain.Match id="33">
      <homeTeam reference="20"/>
      <awayTeam reference="22"/>
      <day reference="3"/>
      <id>6</id>
    </org.drools.solver.examples.travelingtournament.domain.Match>
    <org.drools.solver.examples.travelingtournament.domain.Match id="34">
      <homeTeam reference="20"/>
      <awayTeam reference="16"/>
      <day reference="4"/>
      <id>7</id>
    </org.drools.solver.examples.travelingtournament.domain.Match>
    <org.drools.solver.examples.travelingtournament.domain.Match id="35">
      <homeTeam reference="20"/>
      <awayTeam reference="24"/>
      <day reference="7"/>
      <id>8</id>
    </org.drools.solver.examples.travelingtournament.domain.Match>
    <org.drools.solver.examples.travelingtournament.domain.Match id="36">
      <homeTeam reference="20"/>
      <awayTeam reference="18"/>
      <day reference="8"/>
      <id>9</id>
    </org.drools.solver.examples.travelingtournament.domain.Match>
    <org.drools.solver.examples.travelingtournament.domain.Match id="37">
      <homeTeam reference="22"/>
      <awayTeam reference="14"/>
      <day reference="4"/>
      <id>10</id>
    </org.drools.solver.examples.travelingtournament.domain.Match>
    <org.drools.solver.examples.travelingtournament.domain.Match id="38">
      <homeTeam reference="22"/>
      <awayTeam reference="20"/>
      <day reference="12"/>
      <id>11</id>
    </org.drools.solver.examples.travelingtournament.domain.Match>
    <org.drools.solver.examples.travelingtournament.domain.Match id="39">
      <homeTeam reference="22"/>
      <awayTeam reference="16"/>
      <day reference="5"/>
      <id>12</id>
    </org.drools.solver.examples.travelingtournament.domain.Match>
    <org.drools.solver.examples.travelingtournament.domain.Match id="40">
      <homeTeam reference="22"/>
      <awayTeam reference="24"/>
      <day reference="8"/>
      <id>13</id>
    </org.drools.solver.examples.travelingtournament.domain.Match>
    <org.drools.solver.examples.travelingtournament.domain.Match id="41">
      <homeTeam reference="22"/>
      <awayTeam reference="18"/>
      <day reference="9"/>
      <id>14</id>
    </org.drools.solver.examples.travelingtournament.domain.Match>
    <org.drools.solver.examples.travelingtournament.domain.Match id="42">
      <homeTeam reference="16"/>
      <awayTeam reference="14"/>
      <day reference="8"/>
      <id>15</id>
    </org.drools.solver.examples.travelingtournament.domain.Match>
    <org.drools.solver.examples.travelingtournament.domain.Match id="43">
      <homeTeam reference="16"/>
      <awayTeam reference="20"/>
      <day reference="11"/>
      <id>16</id>
    </org.drools.solver.examples.travelingtournament.domain.Match>
    <org.drools.solver.examples.travelingtournament.domain.Match id="44">
      <homeTeam reference="16"/>
      <awayTeam reference="22"/>
      <day reference="7"/>
      <id>17</id>
    </org.drools.solver.examples.travelingtournament.domain.Match>
    <org.drools.solver.examples.travelingtournament.domain.Match id="45">
      <homeTeam reference="16"/>
      <awayTeam reference="24"/>
      <day reference="6"/>
      <id>18</id>
    </org.drools.solver.examples.travelingtournament.domain.Match>
    <org.drools.solver.examples.travelingtournament.domain.Match id="46">
      <homeTeam reference="16"/>
      <awayTeam reference="18"/>
      <day reference="12"/>
      <id>19</id>
    </org.drools.solver.examples.travelingtournament.domain.Match>
    <org.drools.solver.examples.travelingtournament.domain.Match id="47">
      <homeTeam reference="24"/>
      <awayTeam reference="14"/>
      <day reference="3"/>
      <id>20</id>
    </org.drools.solver.examples.travelingtournament.domain.Match>
    <org.drools.solver.examples.travelingtournament.domain.Match id="48">
      <homeTeam reference="24"/>
      <awayTeam reference="20"/>
      <day reference="5"/>
      <id>21</id>
    </org.drools.solver.examples.travelingtournament.domain.Match>
    <org.drools.solver.examples.travelingtournament.domain.Match id="49">
      <homeTeam reference="24"/>
      <awayTeam reference="22"/>
      <day reference="10"/>
      <id>22</id>
    </org.drools.solver.examples.travelingtournament.domain.Match>
    <org.drools.solver.examples.travelingtournament.domain.Match id="50">
      <homeTeam reference="24"/>
      <awayTeam reference="16"/>
      <day reference="9"/>
      <id>23</id>
    </org.drools.solver.examples.travelingtournament.domain.Match>
    <org.drools.solver.examples.travelingtournament.domain.Match id="51">
      <homeTeam reference="24"/>
      <awayTeam reference="18"/>
      <day reference="4"/>
      <id>24</id>
    </org.drools.solver.examples.travelingtournament.domain.Match>
    <org.drools.solver.examples.travelingtournament.domain.Match id="52">
      <homeTeam reference="18"/>
      <awayTeam reference="14"/>
      <day reference="7"/>
      <id>25</id>
    </org.drools.solver.examples.travelingtournament.domain.Match>
    <org.drools.solver.examples.travelingtournament.domain.Match id="53">
      <homeTeam reference="18"/>
      <awayTeam reference="20"/>
      <day reference="10"/>
      <id>26</id>
    </org.drools.solver.examples.travelingtournament.domain.Match>
    <org.drools.solver.examples.travelingtournament.domain.Match id="54">
      <homeTeam reference="18"/>
      <awayTeam reference="22"/>
      <day reference="6"/>
      <id>27</id>
    </org.drools.solver.examples.travelingtournament.domain.Match>
    <org.drools.solver.examples.travelingtournament.domain.Match id="55">
      <homeTeam reference="18"/>
      <awayTeam reference="16"/>
      <day reference="3"/>
      <id>28</id>
    </org.drools.solver.examples.travelingtournament.domain.Match>
    <org.drools.solver.examples.travelingtournament.domain.Match id="56">
      <homeTeam reference="18"/>
      <awayTeam reference="24"/>
      <day reference="11"/>
      <id>29</id>
    </org.drools.solver.examples.travelingtournament.domain.Match>
  </matchList>
</org.drools.solver.examples.travelingtournament.domain.TravelingTournament>