<?xml version="1.0" encoding="UTF-8"?>
<!DOCTYPE log4j:configuration SYSTEM "log4j.dtd">
<log4j:configuration xmlns:log4j="http://jakarta.apache.org/log4j/">

    <appender name="consoleAppender" class="org.apache.log4j.ConsoleAppender">
        <layout class="org.apache.log4j.PatternLayout">
            <!-- %l lowers performance -->
            <!--<param name="ConversionPattern" value="%d [%t] %-5p %l%n  %m%n" />-->
            <param name="ConversionPattern" value="%d [%t] %-5p %m%n" />
        </layout>
    </appender>

    <category name="org.drools.solver">
        <priority value="info" />
    </category>

    <root>
        <priority value="warn" />
        <appender-ref ref="consoleAppender" />
    </root>

</log4j:configuration>