<org.drools.solver.examples.travelingtournament.domain.TravelingTournament id="1">
  <id>0</id>
  <dayList id="2">
    <org.drools.solver.examples.travelingtournament.domain.Day id="3">
      <id>0</id>
      <index>0</index>
    </org.drools.solver.examples.travelingtournament.domain.Day>
    <org.drools.solver.examples.travelingtournament.domain.Day id="4">
      <id>1</id>
      <index>1</index>
    </org.drools.solver.examples.travelingtournament.domain.Day>
    <org.drools.solver.examples.travelingtournament.domain.Day id="5">
      <id>2</id>
      <index>2</index>
    </org.drools.solver.examples.travelingtournament.domain.Day>
    <org.drools.solver.examples.travelingtournament.domain.Day id="6">
      <id>3</id>
      <index>3</index>
    </org.drools.solver.examples.travelingtournament.domain.Day>
    <org.drools.solver.examples.travelingtournament.domain.Day id="7">
      <id>4</id>
      <index>4</index>
    </org.drools.solver.examples.travelingtournament.domain.Day>
    <org.drools.solver.examples.travelingtournament.domain.Day id="8">
      <id>5</id>
      <index>5</index>
    </org.drools.solver.examples.travelingtournament.domain.Day>
    <org.drools.solver.examples.travelingtournament.domain.Day id="9">
      <id>6</id>
      <index>6</index>
    </org.drools.solver.examples.travelingtournament.domain.Day>
    <org.drools.solver.examples.travelingtournament.domain.Day id="10">
      <id>7</id>
      <index>7</index>
    </org.drools.solver.examples.travelingtournament.domain.Day>
    <org.drools.solver.examples.travelingtournament.domain.Day id="11">
      <id>8</id>
      <index>8</index>
    </org.drools.solver.examples.travelingtournament.domain.Day>
    <org.drools.solver.examples.travelingtournament.domain.Day id="12">
      <id>9</id>
      <index>9</index>
    </org.drools.solver.examples.travelingtournament.domain.Day>
    <org.drools.solver.examples.travelingtournament.domain.Day id="13">
      <id>10</id>
      <index>10</index>
    </org.drools.solver.examples.travelingtournament.domain.Day>
    <org.drools.solver.examples.travelingtournament.domain.Day id="14">
      <id>11</id>
      <index>11</index>
    </org.drools.solver.examples.travelingtournament.domain.Day>
    <org.drools.solver.examples.travelingtournament.domain.Day id="15">
      <id>12</id>
      <index>12</index>
    </org.drools.solver.examples.travelingtournament.domain.Day>
    <org.drools.solver.examples.travelingtournament.domain.Day id="16">
      <id>13</id>
      <index>13</index>
    </org.drools.solver.examples.travelingtournament.domain.Day>
    <org.drools.solver.examples.travelingtournament.domain.Day id="17">
      <id>14</id>
      <index>14</index>
    </org.drools.solver.examples.travelingtournament.domain.Day>
    <org.drools.solver.examples.travelingtournament.domain.Day id="18">
      <id>15</id>
      <index>15</index>
    </org.drools.solver.examples.travelingtournament.domain.Day>
    <org.drools.solver.examples.travelingtournament.domain.Day id="19">
      <id>16</id>
      <index>16</index>
    </org.drools.solver.examples.travelingtournament.domain.Day>
    <org.drools.solver.examples.travelingtournament.domain.Day id="20">
      <id>17</id>
      <index>17</index>
    </org.drools.solver.examples.travelingtournament.domain.Day>
  </dayList>
  <teamList id="21">
    <org.drools.solver.examples.travelingtournament.domain.Team id="22">
      <id>0</id>
      <name>ATL</name>
      <distanceToTeamMap id="23">
        <entry>
          <org.drools.solver.examples.travelingtournament.domain.Team id="24">
            <id>5</id>
            <name>PIT</name>
            <distanceToTeamMap id="25">
              <entry>
                <org.drools.solver.examples.travelingtournament.domain.Team reference="24"/>
                <int>0</int>
              </entry>
              <entry>
                <org.drools.solver.examples.travelingtournament.domain.Team id="26">
                  <id>6</id>
                  <name>CIN</name>
                  <distanceToTeamMap id="27">
                    <entry>
                      <org.drools.solver.examples.travelingtournament.domain.Team reference="24"/>
                      <int>253</int>
                    </entry>
                    <entry>
                      <org.drools.solver.examples.travelingtournament.domain.Team reference="26"/>
                      <int>0</int>
                    </entry>
                    <entry>
                      <org.drools.solver.examples.travelingtournament.domain.Team id="28">
                        <id>1</id>
                        <name>NYM</name>
                        <distanceToTeamMap id="29">
                          <entry>
                            <org.drools.solver.examples.travelingtournament.domain.Team reference="24"/>
                            <int>315</int>
                          </entry>
                          <entry>
                            <org.drools.solver.examples.travelingtournament.domain.Team reference="26"/>
                            <int>567</int>
                          </entry>
                          <entry>
                            <org.drools.solver.examples.travelingtournament.domain.Team reference="28"/>
                            <int>0</int>
                          </entry>
                          <entry>
                            <org.drools.solver.examples.travelingtournament.domain.Team reference="22"/>
                            <int>745</int>
                          </entry>
                          <entry>
                            <org.drools.solver.examples.travelingtournament.domain.Team id="30">
                              <id>9</id>
                              <name>MIL</name>
                              <distanceToTeamMap id="31">
                                <entry>
                                  <org.drools.solver.examples.travelingtournament.domain.Team reference="24"/>
                                  <int>451</int>
                                </entry>
                                <entry>
                                  <org.drools.solver.examples.travelingtournament.domain.Team reference="26"/>
                                  <int>325</int>
                                </entry>
                                <entry>
                                  <org.drools.solver.examples.travelingtournament.domain.Team reference="28"/>
                                  <int>741</int>
                                </entry>
                                <entry>
                                  <org.drools.solver.examples.travelingtournament.domain.Team reference="22"/>
                                  <int>670</int>
                                </entry>
                                <entry>
                                  <org.drools.solver.examples.travelingtournament.domain.Team reference="30"/>
                                  <int>0</int>
                                </entry>
                                <entry>
                                  <org.drools.solver.examples.travelingtournament.domain.Team id="32">
                                    <id>4</id>
                                    <name>FLA</name>
                                    <distanceToTeamMap id="33">
                                      <entry>
                                        <org.drools.solver.examples.travelingtournament.domain.Team reference="24"/>
                                        <int>1010</int>
                                      </entry>
                                      <entry>
                                        <org.drools.solver.examples.travelingtournament.domain.Team reference="26"/>
                                        <int>957</int>
                                      </entry>
                                      <entry>
                                        <org.drools.solver.examples.travelingtournament.domain.Team reference="28"/>
                                        <int>1090</int>
                                      </entry>
                                      <entry>
                                        <org.drools.solver.examples.travelingtournament.domain.Team reference="22"/>
                                        <int>605</int>
                                      </entry>
                                      <entry>
                                        <org.drools.solver.examples.travelingtournament.domain.Team reference="30"/>
                                        <int>1270</int>
                                      </entry>
                                      <entry>
                                        <org.drools.solver.examples.travelingtournament.domain.Team reference="32"/>
                                        <int>0</int>
                                      </entry>
                                      <entry>
                                        <org.drools.solver.examples.travelingtournament.domain.Team id="34">
                                          <id>7</id>
                                          <name>CHI</name>
                                          <distanceToTeamMap id="35">
                                            <entry>
                                              <org.drools.solver.examples.travelingtournament.domain.Team reference="24"/>
                                              <int>410</int>
                                            </entry>
                                            <entry>
                                              <org.drools.solver.examples.travelingtournament.domain.Team reference="26"/>
                                              <int>250</int>
                                            </entry>
                                            <entry>
                                              <org.drools.solver.examples.travelingtournament.domain.Team reference="28"/>
                                              <int>712</int>
                                            </entry>
                                            <entry>
                                              <org.drools.solver.examples.travelingtournament.domain.Team reference="22"/>
                                              <int>587</int>
                                            </entry>
                                            <entry>
                                              <org.drools.solver.examples.travelingtournament.domain.Team reference="30"/>
                                              <int>86</int>
                                            </entry>
                                            <entry>
                                              <org.drools.solver.examples.travelingtournament.domain.Team reference="32"/>
                                              <int>1190</int>
                                            </entry>
                                            <entry>
                                              <org.drools.solver.examples.travelingtournament.domain.Team reference="34"/>
                                              <int>0</int>
                                            </entry>
                                            <entry>
                                              <org.drools.solver.examples.travelingtournament.domain.Team id="36">
                                                <id>8</id>
                                                <name>STL</name>
                                                <distanceToTeamMap id="37">
                                                  <entry>
                                                    <org.drools.solver.examples.travelingtournament.domain.Team reference="24"/>
                                                    <int>557</int>
                                                  </entry>
                                                  <entry>
                                                    <org.drools.solver.examples.travelingtournament.domain.Team reference="26"/>
                                                    <int>311</int>
                                                  </entry>
                                                  <entry>
                                                    <org.drools.solver.examples.travelingtournament.domain.Team reference="28"/>
                                                    <int>871</int>
                                                  </entry>
                                                  <entry>
                                                    <org.drools.solver.examples.travelingtournament.domain.Team reference="22"/>
                                                    <int>467</int>
                                                  </entry>
                                                  <entry>
                                                    <org.drools.solver.examples.travelingtournament.domain.Team reference="30"/>
                                                    <int>328</int>
                                                  </entry>
                                                  <entry>
                                                    <org.drools.solver.examples.travelingtournament.domain.Team reference="32"/>
                                                    <int>1060</int>
                                                  </entry>
                                                  <entry>
                                                    <org.drools.solver.examples.travelingtournament.domain.Team reference="34"/>
                                                    <int>260</int>
                                                  </entry>
                                                  <entry>
                                                    <org.drools.solver.examples.travelingtournament.domain.Team reference="36"/>
                                                    <int>0</int>
                                                  </entry>
                                                  <entry>
                                                    <org.drools.solver.examples.travelingtournament.domain.Team id="38">
                                                      <id>2</id>
                                                      <name>PHI</name>
                                                      <distanceToTeamMap id="39">
                                                        <entry>
                                                          <org.drools.solver.examples.travelingtournament.domain.Team reference="24"/>
                                                          <int>257</int>
                                                        </entry>
                                                        <entry>
                                                          <org.drools.solver.examples.travelingtournament.domain.Team reference="26"/>
                                                          <int>501</int>
                                                        </entry>
                                                        <entry>
                                                          <org.drools.solver.examples.travelingtournament.domain.Team reference="28"/>
                                                          <int>80</int>
                                                        </entry>
                                                        <entry>
                                                          <org.drools.solver.examples.travelingtournament.domain.Team reference="22"/>
                                                          <int>665</int>
                                                        </entry>
                                                        <entry>
                                                          <org.drools.solver.examples.travelingtournament.domain.Team reference="30"/>
                                                          <int>697</int>
                                                        </entry>
                                                        <entry>
                                                          <org.drools.solver.examples.travelingtournament.domain.Team reference="32"/>
                                                          <int>1020</int>
                                                        </entry>
                                                        <entry>
                                                          <org.drools.solver.examples.travelingtournament.domain.Team reference="34"/>
                                                          <int>664</int>
                                                        </entry>
                                                        <entry>
                                                          <org.drools.solver.examples.travelingtournament.domain.Team reference="36"/>
                                                          <int>808</int>
                                                        </entry>
                                                        <entry>
                                                          <org.drools.solver.examples.travelingtournament.domain.Team reference="38"/>
                                                          <int>0</int>
                                                        </entry>
                                                        <entry>
                                                          <org.drools.solver.examples.travelingtournament.domain.Team id="40">
                                                            <id>3</id>
                                                            <name>MON</name>
                                                            <distanceToTeamMap id="41">
                                                              <entry>
                                                                <org.drools.solver.examples.travelingtournament.domain.Team reference="24"/>
                                                                <int>408</int>
                                                              </entry>
                                                              <entry>
                                                                <org.drools.solver.examples.travelingtournament.domain.Team reference="26"/>
                                                                <int>622</int>
                                                              </entry>
                                                              <entry>
                                                                <org.drools.solver.examples.travelingtournament.domain.Team reference="28"/>
                                                                <int>337</int>
                                                              </entry>
                                                              <entry>
                                                                <org.drools.solver.examples.travelingtournament.domain.Team reference="22"/>
                                                                <int>929</int>
                                                              </entry>
                                                              <entry>
                                                                <org.drools.solver.examples.travelingtournament.domain.Team reference="30"/>
                                                                <int>732</int>
                                                              </entry>
                                                              <entry>
                                                                <org.drools.solver.examples.travelingtournament.domain.Team reference="32"/>
                                                                <int>1380</int>
                                                              </entry>
                                                              <entry>
                                                                <org.drools.solver.examples.travelingtournament.domain.Team reference="34"/>
                                                                <int>646</int>
                                                              </entry>
                                                              <entry>
                                                                <org.drools.solver.examples.travelingtournament.domain.Team reference="36"/>
                                                                <int>878</int>
                                                              </entry>
                                                              <entry>
                                                                <org.drools.solver.examples.travelingtournament.domain.Team reference="38"/>
                                                                <int>380</int>
                                                              </entry>
                                                              <entry>
                                                                <org.drools.solver.examples.travelingtournament.domain.Team reference="40"/>
                                                                <int>0</int>
                                                              </entry>
                                                            </distanceToTeamMap>
                                                          </org.drools.solver.examples.travelingtournament.domain.Team>
                                                          <int>380</int>
                                                        </entry>
                                                      </distanceToTeamMap>
                                                    </org.drools.solver.examples.travelingtournament.domain.Team>
                                                    <int>808</int>
                                                  </entry>
                                                  <entry>
                                                    <org.drools.solver.examples.travelingtournament.domain.Team reference="40"/>
                                                    <int>878</int>
                                                  </entry>
                                                </distanceToTeamMap>
                                              </org.drools.solver.examples.travelingtournament.domain.Team>
                                              <int>260</int>
                                            </entry>
                                            <entry>
                                              <org.drools.solver.examples.travelingtournament.domain.Team reference="38"/>
                                              <int>664</int>
                                            </entry>
                                            <entry>
                                              <org.drools.solver.examples.travelingtournament.domain.Team reference="40"/>
                                              <int>646</int>
                                            </entry>
                                          </distanceToTeamMap>
                                        </org.drools.solver.examples.travelingtournament.domain.Team>
                                        <int>1190</int>
                                      </entry>
                                      <entry>
                                        <org.drools.solver.examples.travelingtournament.domain.Team reference="36"/>
                                        <int>1060</int>
                                      </entry>
                                      <entry>
                                        <org.drools.solver.examples.travelingtournament.domain.Team reference="38"/>
                                        <int>1020</int>
                                      </entry>
                                      <entry>
                                        <org.drools.solver.examples.travelingtournament.domain.Team reference="40"/>
                                        <int>1380</int>
                                      </entry>
                                    </distanceToTeamMap>
                                  </org.drools.solver.examples.travelingtournament.domain.Team>
                                  <int>1270</int>
                                </entry>
                                <entry>
                                  <org.drools.solver.examples.travelingtournament.domain.Team reference="34"/>
                                  <int>86</int>
                                </entry>
                                <entry>
                                  <org.drools.solver.examples.travelingtournament.domain.Team reference="36"/>
                                  <int>328</int>
                                </entry>
                                <entry>
                                  <org.drools.solver.examples.travelingtournament.domain.Team reference="38"/>
                                  <int>697</int>
                                </entry>
                                <entry>
                                  <org.drools.solver.examples.travelingtournament.domain.Team reference="40"/>
                                  <int>732</int>
                                </entry>
                              </distanceToTeamMap>
                            </org.drools.solver.examples.travelingtournament.domain.Team>
                            <int>741</int>
                          </entry>
                          <entry>
                            <org.drools.solver.examples.travelingtournament.domain.Team reference="32"/>
                            <int>1090</int>
                          </entry>
                          <entry>
                            <org.drools.solver.examples.travelingtournament.domain.Team reference="34"/>
                            <int>712</int>
                          </entry>
                          <entry>
                            <org.drools.solver.examples.travelingtournament.domain.Team reference="36"/>
                            <int>871</int>
                          </entry>
                          <entry>
                            <org.drools.solver.examples.travelingtournament.domain.Team reference="38"/>
                            <int>80</int>
                          </entry>
                          <entry>
                            <org.drools.solver.examples.travelingtournament.domain.Team reference="40"/>
                            <int>337</int>
                          </entry>
                        </distanceToTeamMap>
                      </org.drools.solver.examples.travelingtournament.domain.Team>
                      <int>567</int>
                    </entry>
                    <entry>
                      <org.drools.solver.examples.travelingtournament.domain.Team reference="22"/>
                      <int>370</int>
                    </entry>
                    <entry>
                      <org.drools.solver.examples.travelingtournament.domain.Team reference="30"/>
                      <int>325</int>
                    </entry>
                    <entry>
                      <org.drools.solver.examples.travelingtournament.domain.Team reference="32"/>
                      <int>957</int>
                    </entry>
                    <entry>
                      <org.drools.solver.examples.travelingtournament.domain.Team reference="34"/>
                      <int>250</int>
                    </entry>
                    <entry>
                      <org.drools.solver.examples.travelingtournament.domain.Team reference="36"/>
                      <int>311</int>
                    </entry>
                    <entry>
                      <org.drools.solver.examples.travelingtournament.domain.Team reference="38"/>
                      <int>501</int>
                    </entry>
                    <entry>
                      <org.drools.solver.examples.travelingtournament.domain.Team reference="40"/>
                      <int>622</int>
                    </entry>
                  </distanceToTeamMap>
                </org.drools.solver.examples.travelingtournament.domain.Team>
                <int>253</int>
              </entry>
              <entry>
                <org.drools.solver.examples.travelingtournament.domain.Team reference="28"/>
                <int>315</int>
              </entry>
              <entry>
                <org.drools.solver.examples.travelingtournament.domain.Team reference="22"/>
                <int>521</int>
              </entry>
              <entry>
                <org.drools.solver.examples.travelingtournament.domain.Team reference="30"/>
                <int>451</int>
              </entry>
              <entry>
                <org.drools.solver.examples.travelingtournament.domain.Team reference="32"/>
                <int>1010</int>
              </entry>
              <entry>
                <org.drools.solver.examples.travelingtournament.domain.Team reference="34"/>
                <int>410</int>
              </entry>
              <entry>
                <org.drools.solver.examples.travelingtournament.domain.Team reference="36"/>
                <int>557</int>
              </entry>
              <entry>
                <org.drools.solver.examples.travelingtournament.domain.Team reference="38"/>
                <int>257</int>
              </entry>
              <entry>
                <org.drools.solver.examples.travelingtournament.domain.Team reference="40"/>
                <int>408</int>
              </entry>
            </distanceToTeamMap>
          </org.drools.solver.examples.travelingtournament.domain.Team>
          <int>521</int>
        </entry>
        <entry>
          <org.drools.solver.examples.travelingtournament.domain.Team reference="26"/>
          <int>370</int>
        </entry>
        <entry>
          <org.drools.solver.examples.travelingtournament.domain.Team reference="28"/>
          <int>745</int>
        </entry>
        <entry>
          <org.drools.solver.examples.travelingtournament.domain.Team reference="22"/>
          <int>0</int>
        </entry>
        <entry>
          <org.drools.solver.examples.travelingtournament.domain.Team reference="30"/>
          <int>670</int>
        </entry>
        <entry>
          <org.drools.solver.examples.travelingtournament.domain.Team reference="32"/>
          <int>605</int>
        </entry>
        <entry>
          <org.drools.solver.examples.travelingtournament.domain.Team reference="34"/>
          <int>587</int>
        </entry>
        <entry>
          <org.drools.solver.examples.travelingtournament.domain.Team reference="36"/>
          <int>467</int>
        </entry>
        <entry>
          <org.drools.solver.examples.travelingtournament.domain.Team reference="38"/>
          <int>665</int>
        </entry>
        <entry>
          <org.drools.solver.examples.travelingtournament.domain.Team reference="40"/>
          <int>929</int>
        </entry>
      </distanceToTeamMap>
    </org.drools.solver.examples.travelingtournament.domain.Team>
    <org.drools.solver.examples.travelingtournament.domain.Team reference="28"/>
    <org.drools.solver.examples.travelingtournament.domain.Team reference="38"/>
    <org.drools.solver.examples.travelingtournament.domain.Team reference="40"/>
    <org.drools.solver.examples.travelingtournament.domain.Team reference="32"/>
    <org.drools.solver.examples.travelingtournament.domain.Team reference="24"/>
    <org.drools.solver.examples.travelingtournament.domain.Team reference="26"/>
    <org.drools.solver.examples.travelingtournament.domain.Team reference="34"/>
    <org.drools.solver.examples.travelingtournament.domain.Team reference="36"/>
    <org.drools.solver.examples.travelingtournament.domain.Team reference="30"/>
  </teamList>
  <matchList id="42">
    <org.drools.solver.examples.travelingtournament.domain.Match id="43">
      <id>0</id>
      <homeTeam reference="22"/>
      <awayTeam reference="28"/>
      <day reference="3"/>
    </org.drools.solver.examples.travelingtournament.domain.Match>
    <org.drools.solver.examples.travelingtournament.domain.Match id="44">
      <id>1</id>
      <homeTeam reference="22"/>
      <awayTeam reference="38"/>
      <day reference="3"/>
    </org.drools.solver.examples.travelingtournament.domain.Match>
    <org.drools.solver.examples.travelingtournament.domain.Match id="45">
      <id>2</id>
      <homeTeam reference="22"/>
      <awayTeam reference="40"/>
      <day reference="3"/>
    </org.drools.solver.examples.travelingtournament.domain.Match>
    <org.drools.solver.examples.travelingtournament.domain.Match id="46">
      <id>3</id>
      <homeTeam reference="22"/>
      <awayTeam reference="32"/>
      <day reference="3"/>
    </org.drools.solver.examples.travelingtournament.domain.Match>
    <org.drools.solver.examples.travelingtournament.domain.Match id="47">
      <id>4</id>
      <homeTeam reference="22"/>
      <awayTeam reference="24"/>
      <day reference="3"/>
    </org.drools.solver.examples.travelingtournament.domain.Match>
    <org.drools.solver.examples.travelingtournament.domain.Match id="48">
      <id>5</id>
      <homeTeam reference="22"/>
      <awayTeam reference="26"/>
      <day reference="3"/>
    </org.drools.solver.examples.travelingtournament.domain.Match>
    <org.drools.solver.examples.travelingtournament.domain.Match id="49">
      <id>6</id>
      <homeTeam reference="22"/>
      <awayTeam reference="34"/>
      <day reference="3"/>
    </org.drools.solver.examples.travelingtournament.domain.Match>
    <org.drools.solver.examples.travelingtournament.domain.Match id="50">
      <id>7</id>
      <homeTeam reference="22"/>
      <awayTeam reference="36"/>
      <day reference="3"/>
    </org.drools.solver.examples.travelingtournament.domain.Match>
    <org.drools.solver.examples.travelingtournament.domain.Match id="51">
      <id>8</id>
      <homeTeam reference="22"/>
      <awayTeam reference="30"/>
      <day reference="3"/>
    </org.drools.solver.examples.travelingtournament.domain.Match>
    <org.drools.solver.examples.travelingtournament.domain.Match id="52">
      <id>9</id>
      <homeTeam reference="28"/>
      <awayTeam reference="22"/>
      <day reference="3"/>
    </org.drools.solver.examples.travelingtournament.domain.Match>
    <org.drools.solver.examples.travelingtournament.domain.Match id="53">
      <id>10</id>
      <homeTeam reference="28"/>
      <awayTeam reference="38"/>
      <day reference="3"/>
    </org.drools.solver.examples.travelingtournament.domain.Match>
    <org.drools.solver.examples.travelingtournament.domain.Match id="54">
      <id>11</id>
      <homeTeam reference="28"/>
      <awayTeam reference="40"/>
      <day reference="3"/>
    </org.drools.solver.examples.travelingtournament.domain.Match>
    <org.drools.solver.examples.travelingtournament.domain.Match id="55">
      <id>12</id>
      <homeTeam reference="28"/>
      <awayTeam reference="32"/>
      <day reference="3"/>
    </org.drools.solver.examples.travelingtournament.domain.Match>
    <org.drools.solver.examples.travelingtournament.domain.Match id="56">
      <id>13</id>
      <homeTeam reference="28"/>
      <awayTeam reference="24"/>
      <day reference="3"/>
    </org.drools.solver.examples.travelingtournament.domain.Match>
    <org.drools.solver.examples.travelingtournament.domain.Match id="57">
      <id>14</id>
      <homeTeam reference="28"/>
      <awayTeam reference="26"/>
      <day reference="3"/>
    </org.drools.solver.examples.travelingtournament.domain.Match>
    <org.drools.solver.examples.travelingtournament.domain.Match id="58">
      <id>15</id>
      <homeTeam reference="28"/>
      <awayTeam reference="34"/>
      <day reference="3"/>
    </org.drools.solver.examples.travelingtournament.domain.Match>
    <org.drools.solver.examples.travelingtournament.domain.Match id="59">
      <id>16</id>
      <homeTeam reference="28"/>
      <awayTeam reference="36"/>
      <day reference="3"/>
    </org.drools.solver.examples.travelingtournament.domain.Match>
    <org.drools.solver.examples.travelingtournament.domain.Match id="60">
      <id>17</id>
      <homeTeam reference="28"/>
      <awayTeam reference="30"/>
      <day reference="3"/>
    </org.drools.solver.examples.travelingtournament.domain.Match>
    <org.drools.solver.examples.travelingtournament.domain.Match id="61">
      <id>18</id>
      <homeTeam reference="38"/>
      <awayTeam reference="22"/>
      <day reference="3"/>
    </org.drools.solver.examples.travelingtournament.domain.Match>
    <org.drools.solver.examples.travelingtournament.domain.Match id="62">
      <id>19</id>
      <homeTeam reference="38"/>
      <awayTeam reference="28"/>
      <day reference="3"/>
    </org.drools.solver.examples.travelingtournament.domain.Match>
    <org.drools.solver.examples.travelingtournament.domain.Match id="63">
      <id>20</id>
      <homeTeam reference="38"/>
      <awayTeam reference="40"/>
      <day reference="3"/>
    </org.drools.solver.examples.travelingtournament.domain.Match>
    <org.drools.solver.examples.travelingtournament.domain.Match id="64">
      <id>21</id>
      <homeTeam reference="38"/>
      <awayTeam reference="32"/>
      <day reference="3"/>
    </org.drools.solver.examples.travelingtournament.domain.Match>
    <org.drools.solver.examples.travelingtournament.domain.Match id="65">
      <id>22</id>
      <homeTeam reference="38"/>
      <awayTeam reference="24"/>
      <day reference="3"/>
    </org.drools.solver.examples.travelingtournament.domain.Match>
    <org.drools.solver.examples.travelingtournament.domain.Match id="66">
      <id>23</id>
      <homeTeam reference="38"/>
      <awayTeam reference="26"/>
      <day reference="3"/>
    </org.drools.solver.examples.travelingtournament.domain.Match>
    <org.drools.solver.examples.travelingtournament.domain.Match id="67">
      <id>24</id>
      <homeTeam reference="38"/>
      <awayTeam reference="34"/>
      <day reference="3"/>
    </org.drools.solver.examples.travelingtournament.domain.Match>
    <org.drools.solver.examples.travelingtournament.domain.Match id="68">
      <id>25</id>
      <homeTeam reference="38"/>
      <awayTeam reference="36"/>
      <day reference="3"/>
    </org.drools.solver.examples.travelingtournament.domain.Match>
    <org.drools.solver.examples.travelingtournament.domain.Match id="69">
      <id>26</id>
      <homeTeam reference="38"/>
      <awayTeam reference="30"/>
      <day reference="3"/>
    </org.drools.solver.examples.travelingtournament.domain.Match>
    <org.drools.solver.examples.travelingtournament.domain.Match id="70">
      <id>27</id>
      <homeTeam reference="40"/>
      <awayTeam reference="22"/>
      <day reference="3"/>
    </org.drools.solver.examples.travelingtournament.domain.Match>
    <org.drools.solver.examples.travelingtournament.domain.Match id="71">
      <id>28</id>
      <homeTeam reference="40"/>
      <awayTeam reference="28"/>
      <day reference="3"/>
    </org.drools.solver.examples.travelingtournament.domain.Match>
    <org.drools.solver.examples.travelingtournament.domain.Match id="72">
      <id>29</id>
      <homeTeam reference="40"/>
      <awayTeam reference="38"/>
      <day reference="3"/>
    </org.drools.solver.examples.travelingtournament.domain.Match>
    <org.drools.solver.examples.travelingtournament.domain.Match id="73">
      <id>30</id>
      <homeTeam reference="40"/>
      <awayTeam reference="32"/>
      <day reference="3"/>
    </org.drools.solver.examples.travelingtournament.domain.Match>
    <org.drools.solver.examples.travelingtournament.domain.Match id="74">
      <id>31</id>
      <homeTeam reference="40"/>
      <awayTeam reference="24"/>
      <day reference="3"/>
    </org.drools.solver.examples.travelingtournament.domain.Match>
    <org.drools.solver.examples.travelingtournament.domain.Match id="75">
      <id>32</id>
      <homeTeam reference="40"/>
      <awayTeam reference="26"/>
      <day reference="3"/>
    </org.drools.solver.examples.travelingtournament.domain.Match>
    <org.drools.solver.examples.travelingtournament.domain.Match id="76">
      <id>33</id>
      <homeTeam reference="40"/>
      <awayTeam reference="34"/>
      <day reference="3"/>
    </org.drools.solver.examples.travelingtournament.domain.Match>
    <org.drools.solver.examples.travelingtournament.domain.Match id="77">
      <id>34</id>
      <homeTeam reference="40"/>
      <awayTeam reference="36"/>
      <day reference="3"/>
    </org.drools.solver.examples.travelingtournament.domain.Match>
    <org.drools.solver.examples.travelingtournament.domain.Match id="78">
      <id>35</id>
      <homeTeam reference="40"/>
      <awayTeam reference="30"/>
      <day reference="3"/>
    </org.drools.solver.examples.travelingtournament.domain.Match>
    <org.drools.solver.examples.travelingtournament.domain.Match id="79">
      <id>36</id>
      <homeTeam reference="32"/>
      <awayTeam reference="22"/>
      <day reference="3"/>
    </org.drools.solver.examples.travelingtournament.domain.Match>
    <org.drools.solver.examples.travelingtournament.domain.Match id="80">
      <id>37</id>
      <homeTeam reference="32"/>
      <awayTeam reference="28"/>
      <day reference="3"/>
    </org.drools.solver.examples.travelingtournament.domain.Match>
    <org.drools.solver.examples.travelingtournament.domain.Match id="81">
      <id>38</id>
      <homeTeam reference="32"/>
      <awayTeam reference="38"/>
      <day reference="3"/>
    </org.drools.solver.examples.travelingtournament.domain.Match>
    <org.drools.solver.examples.travelingtournament.domain.Match id="82">
      <id>39</id>
      <homeTeam reference="32"/>
      <awayTeam reference="40"/>
      <day reference="3"/>
    </org.drools.solver.examples.travelingtournament.domain.Match>
    <org.drools.solver.examples.travelingtournament.domain.Match id="83">
      <id>40</id>
      <homeTeam reference="32"/>
      <awayTeam reference="24"/>
      <day reference="3"/>
    </org.drools.solver.examples.travelingtournament.domain.Match>
    <org.drools.solver.examples.travelingtournament.domain.Match id="84">
      <id>41</id>
      <homeTeam reference="32"/>
      <awayTeam reference="26"/>
      <day reference="3"/>
    </org.drools.solver.examples.travelingtournament.domain.Match>
    <org.drools.solver.examples.travelingtournament.domain.Match id="85">
      <id>42</id>
      <homeTeam reference="32"/>
      <awayTeam reference="34"/>
      <day reference="3"/>
    </org.drools.solver.examples.travelingtournament.domain.Match>
    <org.drools.solver.examples.travelingtournament.domain.Match id="86">
      <id>43</id>
      <homeTeam reference="32"/>
      <awayTeam reference="36"/>
      <day reference="3"/>
    </org.drools.solver.examples.travelingtournament.domain.Match>
    <org.drools.solver.examples.travelingtournament.domain.Match id="87">
      <id>44</id>
      <homeTeam reference="32"/>
      <awayTeam reference="30"/>
      <day reference="3"/>
    </org.drools.solver.examples.travelingtournament.domain.Match>
    <org.drools.solver.examples.travelingtournament.domain.Match id="88">
      <id>45</id>
      <homeTeam reference="24"/>
      <awayTeam reference="22"/>
      <day reference="3"/>
    </org.drools.solver.examples.travelingtournament.domain.Match>
    <org.drools.solver.examples.travelingtournament.domain.Match id="89">
      <id>46</id>
      <homeTeam reference="24"/>
      <awayTeam reference="28"/>
      <day reference="3"/>
    </org.drools.solver.examples.travelingtournament.domain.Match>
    <org.drools.solver.examples.travelingtournament.domain.Match id="90">
      <id>47</id>
      <homeTeam reference="24"/>
      <awayTeam reference="38"/>
      <day reference="3"/>
    </org.drools.solver.examples.travelingtournament.domain.Match>
    <org.drools.solver.examples.travelingtournament.domain.Match id="91">
      <id>48</id>
      <homeTeam reference="24"/>
      <awayTeam reference="40"/>
      <day reference="3"/>
    </org.drools.solver.examples.travelingtournament.domain.Match>
    <org.drools.solver.examples.travelingtournament.domain.Match id="92">
      <id>49</id>
      <homeTeam reference="24"/>
      <awayTeam reference="32"/>
      <day reference="3"/>
    </org.drools.solver.examples.travelingtournament.domain.Match>
    <org.drools.solver.examples.travelingtournament.domain.Match id="93">
      <id>50</id>
      <homeTeam reference="24"/>
      <awayTeam reference="26"/>
      <day reference="3"/>
    </org.drools.solver.examples.travelingtournament.domain.Match>
    <org.drools.solver.examples.travelingtournament.domain.Match id="94">
      <id>51</id>
      <homeTeam reference="24"/>
      <awayTeam reference="34"/>
      <day reference="3"/>
    </org.drools.solver.examples.travelingtournament.domain.Match>
    <org.drools.solver.examples.travelingtournament.domain.Match id="95">
      <id>52</id>
      <homeTeam reference="24"/>
      <awayTeam reference="36"/>
      <day reference="3"/>
    </org.drools.solver.examples.travelingtournament.domain.Match>
    <org.drools.solver.examples.travelingtournament.domain.Match id="96">
      <id>53</id>
      <homeTeam reference="24"/>
      <awayTeam reference="30"/>
      <day reference="3"/>
    </org.drools.solver.examples.travelingtournament.domain.Match>
    <org.drools.solver.examples.travelingtournament.domain.Match id="97">
      <id>54</id>
      <homeTeam reference="26"/>
      <awayTeam reference="22"/>
      <day reference="3"/>
    </org.drools.solver.examples.travelingtournament.domain.Match>
    <org.drools.solver.examples.travelingtournament.domain.Match id="98">
      <id>55</id>
      <homeTeam reference="26"/>
      <awayTeam reference="28"/>
      <day reference="3"/>
    </org.drools.solver.examples.travelingtournament.domain.Match>
    <org.drools.solver.examples.travelingtournament.domain.Match id="99">
      <id>56</id>
      <homeTeam reference="26"/>
      <awayTeam reference="38"/>
      <day reference="3"/>
    </org.drools.solver.examples.travelingtournament.domain.Match>
    <org.drools.solver.examples.travelingtournament.domain.Match id="100">
      <id>57</id>
      <homeTeam reference="26"/>
      <awayTeam reference="40"/>
      <day reference="3"/>
    </org.drools.solver.examples.travelingtournament.domain.Match>
    <org.drools.solver.examples.travelingtournament.domain.Match id="101">
      <id>58</id>
      <homeTeam reference="26"/>
      <awayTeam reference="32"/>
      <day reference="3"/>
    </org.drools.solver.examples.travelingtournament.domain.Match>
    <org.drools.solver.examples.travelingtournament.domain.Match id="102">
      <id>59</id>
      <homeTeam reference="26"/>
      <awayTeam reference="24"/>
      <day reference="3"/>
    </org.drools.solver.examples.travelingtournament.domain.Match>
    <org.drools.solver.examples.travelingtournament.domain.Match id="103">
      <id>60</id>
      <homeTeam reference="26"/>
      <awayTeam reference="34"/>
      <day reference="3"/>
    </org.drools.solver.examples.travelingtournament.domain.Match>
    <org.drools.solver.examples.travelingtournament.domain.Match id="104">
      <id>61</id>
      <homeTeam reference="26"/>
      <awayTeam reference="36"/>
      <day reference="3"/>
    </org.drools.solver.examples.travelingtournament.domain.Match>
    <org.drools.solver.examples.travelingtournament.domain.Match id="105">
      <id>62</id>
      <homeTeam reference="26"/>
      <awayTeam reference="30"/>
      <day reference="3"/>
    </org.drools.solver.examples.travelingtournament.domain.Match>
    <org.drools.solver.examples.travelingtournament.domain.Match id="106">
      <id>63</id>
      <homeTeam reference="34"/>
      <awayTeam reference="22"/>
      <day reference="3"/>
    </org.drools.solver.examples.travelingtournament.domain.Match>
    <org.drools.solver.examples.travelingtournament.domain.Match id="107">
      <id>64</id>
      <homeTeam reference="34"/>
      <awayTeam reference="28"/>
      <day reference="3"/>
    </org.drools.solver.examples.travelingtournament.domain.Match>
    <org.drools.solver.examples.travelingtournament.domain.Match id="108">
      <id>65</id>
      <homeTeam reference="34"/>
      <awayTeam reference="38"/>
      <day reference="3"/>
    </org.drools.solver.examples.travelingtournament.domain.Match>
    <org.drools.solver.examples.travelingtournament.domain.Match id="109">
      <id>66</id>
      <homeTeam reference="34"/>
      <awayTeam reference="40"/>
      <day reference="3"/>
    </org.drools.solver.examples.travelingtournament.domain.Match>
    <org.drools.solver.examples.travelingtournament.domain.Match id="110">
      <id>67</id>
      <homeTeam reference="34"/>
      <awayTeam reference="32"/>
      <day reference="3"/>
    </org.drools.solver.examples.travelingtournament.domain.Match>
    <org.drools.solver.examples.travelingtournament.domain.Match id="111">
      <id>68</id>
      <homeTeam reference="34"/>
      <awayTeam reference="24"/>
      <day reference="3"/>
    </org.drools.solver.examples.travelingtournament.domain.Match>
    <org.drools.solver.examples.travelingtournament.domain.Match id="112">
      <id>69</id>
      <homeTeam reference="34"/>
      <awayTeam reference="26"/>
      <day reference="3"/>
    </org.drools.solver.examples.travelingtournament.domain.Match>
    <org.drools.solver.examples.travelingtournament.domain.Match id="113">
      <id>70</id>
      <homeTeam reference="34"/>
      <awayTeam reference="36"/>
      <day reference="3"/>
    </org.drools.solver.examples.travelingtournament.domain.Match>
    <org.drools.solver.examples.travelingtournament.domain.Match id="114">
      <id>71</id>
      <homeTeam reference="34"/>
      <awayTeam reference="30"/>
      <day reference="3"/>
    </org.drools.solver.examples.travelingtournament.domain.Match>
    <org.drools.solver.examples.travelingtournament.domain.Match id="115">
      <id>72</id>
      <homeTeam reference="36"/>
      <awayTeam reference="22"/>
      <day reference="3"/>
    </org.drools.solver.examples.travelingtournament.domain.Match>
    <org.drools.solver.examples.travelingtournament.domain.Match id="116">
      <id>73</id>
      <homeTeam reference="36"/>
      <awayTeam reference="28"/>
      <day reference="3"/>
    </org.drools.solver.examples.travelingtournament.domain.Match>
    <org.drools.solver.examples.travelingtournament.domain.Match id="117">
      <id>74</id>
      <homeTeam reference="36"/>
      <awayTeam reference="38"/>
      <day reference="3"/>
    </org.drools.solver.examples.travelingtournament.domain.Match>
    <org.drools.solver.examples.travelingtournament.domain.Match id="118">
      <id>75</id>
      <homeTeam reference="36"/>
      <awayTeam reference="40"/>
      <day reference="3"/>
    </org.drools.solver.examples.travelingtournament.domain.Match>
    <org.drools.solver.examples.travelingtournament.domain.Match id="119">
      <id>76</id>
      <homeTeam reference="36"/>
      <awayTeam reference="32"/>
      <day reference="3"/>
    </org.drools.solver.examples.travelingtournament.domain.Match>
    <org.drools.solver.examples.travelingtournament.domain.Match id="120">
      <id>77</id>
      <homeTeam reference="36"/>
      <awayTeam reference="24"/>
      <day reference="3"/>
    </org.drools.solver.examples.travelingtournament.domain.Match>
    <org.drools.solver.examples.travelingtournament.domain.Match id="121">
      <id>78</id>
      <homeTeam reference="36"/>
      <awayTeam reference="26"/>
      <day reference="3"/>
    </org.drools.solver.examples.travelingtournament.domain.Match>
    <org.drools.solver.examples.travelingtournament.domain.Match id="122">
      <id>79</id>
      <homeTeam reference="36"/>
      <awayTeam reference="34"/>
      <day reference="3"/>
    </org.drools.solver.examples.travelingtournament.domain.Match>
    <org.drools.solver.examples.travelingtournament.domain.Match id="123">
      <id>80</id>
      <homeTeam reference="36"/>
      <awayTeam reference="30"/>
      <day reference="3"/>
    </org.drools.solver.examples.travelingtournament.domain.Match>
    <org.drools.solver.examples.travelingtournament.domain.Match id="124">
      <id>81</id>
      <homeTeam reference="30"/>
      <awayTeam reference="22"/>
      <day reference="3"/>
    </org.drools.solver.examples.travelingtournament.domain.Match>
    <org.drools.solver.examples.travelingtournament.domain.Match id="125">
      <id>82</id>
      <homeTeam reference="30"/>
      <awayTeam reference="28"/>
      <day reference="3"/>
    </org.drools.solver.examples.travelingtournament.domain.Match>
    <org.drools.solver.examples.travelingtournament.domain.Match id="126">
      <id>83</id>
      <homeTeam reference="30"/>
      <awayTeam reference="38"/>
      <day reference="3"/>
    </org.drools.solver.examples.travelingtournament.domain.Match>
    <org.drools.solver.examples.travelingtournament.domain.Match id="127">
      <id>84</id>
      <homeTeam reference="30"/>
      <awayTeam reference="40"/>
      <day reference="3"/>
    </org.drools.solver.examples.travelingtournament.domain.Match>
    <org.drools.solver.examples.travelingtournament.domain.Match id="128">
      <id>85</id>
      <homeTeam reference="30"/>
      <awayTeam reference="32"/>
      <day reference="3"/>
    </org.drools.solver.examples.travelingtournament.domain.Match>
    <org.drools.solver.examples.travelingtournament.domain.Match id="129">
      <id>86</id>
      <homeTeam reference="30"/>
      <awayTeam reference="24"/>
      <day reference="3"/>
    </org.drools.solver.examples.travelingtournament.domain.Match>
    <org.drools.solver.examples.travelingtournament.domain.Match id="130">
      <id>87</id>
      <homeTeam reference="30"/>
      <awayTeam reference="26"/>
      <day reference="3"/>
    </org.drools.solver.examples.travelingtournament.domain.Match>
    <org.drools.solver.examples.travelingtournament.domain.Match id="131">
      <id>88</id>
      <homeTeam reference="30"/>
      <awayTeam reference="34"/>
      <day reference="3"/>
    </org.drools.solver.examples.travelingtournament.domain.Match>
    <org.drools.solver.examples.travelingtournament.domain.Match id="132">
      <id>89</id>
      <homeTeam reference="30"/>
      <awayTeam reference="36"/>
      <day reference="3"/>
    </org.drools.solver.examples.travelingtournament.domain.Match>
  </matchList>
</org.drools.solver.examples.travelingtournament.domain.TravelingTournament>