<org.drools.solver.examples.travelingtournament.domain.TravelingTournament id="1">
  <id>0</id>
  <dayList id="2">
    <org.drools.solver.examples.travelingtournament.domain.Day id="3">
      <id>0</id>
      <index>0</index>
    </org.drools.solver.examples.travelingtournament.domain.Day>
    <org.drools.solver.examples.travelingtournament.domain.Day id="4">
      <id>1</id>
      <index>1</index>
    </org.drools.solver.examples.travelingtournament.domain.Day>
    <org.drools.solver.examples.travelingtournament.domain.Day id="5">
      <id>2</id>
      <index>2</index>
    </org.drools.solver.examples.travelingtournament.domain.Day>
    <org.drools.solver.examples.travelingtournament.domain.Day id="6">
      <id>3</id>
      <index>3</index>
    </org.drools.solver.examples.travelingtournament.domain.Day>
    <org.drools.solver.examples.travelingtournament.domain.Day id="7">
      <id>4</id>
      <index>4</index>
    </org.drools.solver.examples.travelingtournament.domain.Day>
    <org.drools.solver.examples.travelingtournament.domain.Day id="8">
      <id>5</id>
      <index>5</index>
    </org.drools.solver.examples.travelingtournament.domain.Day>
    <org.drools.solver.examples.travelingtournament.domain.Day id="9">
      <id>6</id>
      <index>6</index>
    </org.drools.solver.examples.travelingtournament.domain.Day>
    <org.drools.solver.examples.travelingtournament.domain.Day id="10">
      <id>7</id>
      <index>7</index>
    </org.drools.solver.examples.travelingtournament.domain.Day>
    <org.drools.solver.examples.travelingtournament.domain.Day id="11">
      <id>8</id>
      <index>8</index>
    </org.drools.solver.examples.travelingtournament.domain.Day>
    <org.drools.solver.examples.travelingtournament.domain.Day id="12">
      <id>9</id>
      <index>9</index>
    </org.drools.solver.examples.travelingtournament.domain.Day>
    <org.drools.solver.examples.travelingtournament.domain.Day id="13">
      <id>10</id>
      <index>10</index>
    </org.drools.solver.examples.travelingtournament.domain.Day>
    <org.drools.solver.examples.travelingtournament.domain.Day id="14">
      <id>11</id>
      <index>11</index>
    </org.drools.solver.examples.travelingtournament.domain.Day>
    <org.drools.solver.examples.travelingtournament.domain.Day id="15">
      <id>12</id>
      <index>12</index>
    </org.drools.solver.examples.travelingtournament.domain.Day>
    <org.drools.solver.examples.travelingtournament.domain.Day id="16">
      <id>13</id>
      <index>13</index>
    </org.drools.solver.examples.travelingtournament.domain.Day>
  </dayList>
  <teamList id="17">
    <org.drools.solver.examples.travelingtournament.domain.Team id="18">
      <id>0</id>
      <name>ATL</name>
      <distanceToTeamMap id="19">
        <entry>
          <org.drools.solver.examples.travelingtournament.domain.Team id="20">
            <id>4</id>
            <name>FLA</name>
            <distanceToTeamMap id="21">
              <entry>
                <org.drools.solver.examples.travelingtournament.domain.Team reference="20"/>
                <int>0</int>
              </entry>
              <entry>
                <org.drools.solver.examples.travelingtournament.domain.Team id="22">
                  <id>3</id>
                  <name>MON</name>
                  <distanceToTeamMap id="23">
                    <entry>
                      <org.drools.solver.examples.travelingtournament.domain.Team reference="20"/>
                      <int>1380</int>
                    </entry>
                    <entry>
                      <org.drools.solver.examples.travelingtournament.domain.Team reference="22"/>
                      <int>0</int>
                    </entry>
                    <entry>
                      <org.drools.solver.examples.travelingtournament.domain.Team id="24">
                        <id>7</id>
                        <name>CHI</name>
                        <distanceToTeamMap id="25">
                          <entry>
                            <org.drools.solver.examples.travelingtournament.domain.Team reference="20"/>
                            <int>1190</int>
                          </entry>
                          <entry>
                            <org.drools.solver.examples.travelingtournament.domain.Team reference="22"/>
                            <int>646</int>
                          </entry>
                          <entry>
                            <org.drools.solver.examples.travelingtournament.domain.Team reference="24"/>
                            <int>0</int>
                          </entry>
                          <entry>
                            <org.drools.solver.examples.travelingtournament.domain.Team reference="18"/>
                            <int>587</int>
                          </entry>
                          <entry>
                            <org.drools.solver.examples.travelingtournament.domain.Team id="26">
                              <id>1</id>
                              <name>NYM</name>
                              <distanceToTeamMap id="27">
                                <entry>
                                  <org.drools.solver.examples.travelingtournament.domain.Team reference="20"/>
                                  <int>1090</int>
                                </entry>
                                <entry>
                                  <org.drools.solver.examples.travelingtournament.domain.Team reference="22"/>
                                  <int>337</int>
                                </entry>
                                <entry>
                                  <org.drools.solver.examples.travelingtournament.domain.Team reference="24"/>
                                  <int>712</int>
                                </entry>
                                <entry>
                                  <org.drools.solver.examples.travelingtournament.domain.Team reference="18"/>
                                  <int>745</int>
                                </entry>
                                <entry>
                                  <org.drools.solver.examples.travelingtournament.domain.Team reference="26"/>
                                  <int>0</int>
                                </entry>
                                <entry>
                                  <org.drools.solver.examples.travelingtournament.domain.Team id="28">
                                    <id>6</id>
                                    <name>CIN</name>
                                    <distanceToTeamMap id="29">
                                      <entry>
                                        <org.drools.solver.examples.travelingtournament.domain.Team reference="20"/>
                                        <int>957</int>
                                      </entry>
                                      <entry>
                                        <org.drools.solver.examples.travelingtournament.domain.Team reference="22"/>
                                        <int>622</int>
                                      </entry>
                                      <entry>
                                        <org.drools.solver.examples.travelingtournament.domain.Team reference="24"/>
                                        <int>250</int>
                                      </entry>
                                      <entry>
                                        <org.drools.solver.examples.travelingtournament.domain.Team reference="18"/>
                                        <int>370</int>
                                      </entry>
                                      <entry>
                                        <org.drools.solver.examples.travelingtournament.domain.Team reference="26"/>
                                        <int>567</int>
                                      </entry>
                                      <entry>
                                        <org.drools.solver.examples.travelingtournament.domain.Team reference="28"/>
                                        <int>0</int>
                                      </entry>
                                      <entry>
                                        <org.drools.solver.examples.travelingtournament.domain.Team id="30">
                                          <id>5</id>
                                          <name>PIT</name>
                                          <distanceToTeamMap id="31">
                                            <entry>
                                              <org.drools.solver.examples.travelingtournament.domain.Team reference="20"/>
                                              <int>1010</int>
                                            </entry>
                                            <entry>
                                              <org.drools.solver.examples.travelingtournament.domain.Team reference="22"/>
                                              <int>408</int>
                                            </entry>
                                            <entry>
                                              <org.drools.solver.examples.travelingtournament.domain.Team reference="24"/>
                                              <int>410</int>
                                            </entry>
                                            <entry>
                                              <org.drools.solver.examples.travelingtournament.domain.Team reference="18"/>
                                              <int>521</int>
                                            </entry>
                                            <entry>
                                              <org.drools.solver.examples.travelingtournament.domain.Team reference="26"/>
                                              <int>315</int>
                                            </entry>
                                            <entry>
                                              <org.drools.solver.examples.travelingtournament.domain.Team reference="28"/>
                                              <int>253</int>
                                            </entry>
                                            <entry>
                                              <org.drools.solver.examples.travelingtournament.domain.Team reference="30"/>
                                              <int>0</int>
                                            </entry>
                                            <entry>
                                              <org.drools.solver.examples.travelingtournament.domain.Team id="32">
                                                <id>2</id>
                                                <name>PHI</name>
                                                <distanceToTeamMap id="33">
                                                  <entry>
                                                    <org.drools.solver.examples.travelingtournament.domain.Team reference="20"/>
                                                    <int>1020</int>
                                                  </entry>
                                                  <entry>
                                                    <org.drools.solver.examples.travelingtournament.domain.Team reference="22"/>
                                                    <int>380</int>
                                                  </entry>
                                                  <entry>
                                                    <org.drools.solver.examples.travelingtournament.domain.Team reference="24"/>
                                                    <int>664</int>
                                                  </entry>
                                                  <entry>
                                                    <org.drools.solver.examples.travelingtournament.domain.Team reference="18"/>
                                                    <int>665</int>
                                                  </entry>
                                                  <entry>
                                                    <org.drools.solver.examples.travelingtournament.domain.Team reference="26"/>
                                                    <int>80</int>
                                                  </entry>
                                                  <entry>
                                                    <org.drools.solver.examples.travelingtournament.domain.Team reference="28"/>
                                                    <int>501</int>
                                                  </entry>
                                                  <entry>
                                                    <org.drools.solver.examples.travelingtournament.domain.Team reference="30"/>
                                                    <int>257</int>
                                                  </entry>
                                                  <entry>
                                                    <org.drools.solver.examples.travelingtournament.domain.Team reference="32"/>
                                                    <int>0</int>
                                                  </entry>
                                                </distanceToTeamMap>
                                              </org.drools.solver.examples.travelingtournament.domain.Team>
                                              <int>257</int>
                                            </entry>
                                          </distanceToTeamMap>
                                        </org.drools.solver.examples.travelingtournament.domain.Team>
                                        <int>253</int>
                                      </entry>
                                      <entry>
                                        <org.drools.solver.examples.travelingtournament.domain.Team reference="32"/>
                                        <int>501</int>
                                      </entry>
                                    </distanceToTeamMap>
                                  </org.drools.solver.examples.travelingtournament.domain.Team>
                                  <int>567</int>
                                </entry>
                                <entry>
                                  <org.drools.solver.examples.travelingtournament.domain.Team reference="30"/>
                                  <int>315</int>
                                </entry>
                                <entry>
                                  <org.drools.solver.examples.travelingtournament.domain.Team reference="32"/>
                                  <int>80</int>
                                </entry>
                              </distanceToTeamMap>
                            </org.drools.solver.examples.travelingtournament.domain.Team>
                            <int>712</int>
                          </entry>
                          <entry>
                            <org.drools.solver.examples.travelingtournament.domain.Team reference="28"/>
                            <int>250</int>
                          </entry>
                          <entry>
                            <org.drools.solver.examples.travelingtournament.domain.Team reference="30"/>
                            <int>410</int>
                          </entry>
                          <entry>
                            <org.drools.solver.examples.travelingtournament.domain.Team reference="32"/>
                            <int>664</int>
                          </entry>
                        </distanceToTeamMap>
                      </org.drools.solver.examples.travelingtournament.domain.Team>
                      <int>646</int>
                    </entry>
                    <entry>
                      <org.drools.solver.examples.travelingtournament.domain.Team reference="18"/>
                      <int>929</int>
                    </entry>
                    <entry>
                      <org.drools.solver.examples.travelingtournament.domain.Team reference="26"/>
                      <int>337</int>
                    </entry>
                    <entry>
                      <org.drools.solver.examples.travelingtournament.domain.Team reference="28"/>
                      <int>622</int>
                    </entry>
                    <entry>
                      <org.drools.solver.examples.travelingtournament.domain.Team reference="30"/>
                      <int>408</int>
                    </entry>
                    <entry>
                      <org.drools.solver.examples.travelingtournament.domain.Team reference="32"/>
                      <int>380</int>
                    </entry>
                  </distanceToTeamMap>
                </org.drools.solver.examples.travelingtournament.domain.Team>
                <int>1380</int>
              </entry>
              <entry>
                <org.drools.solver.examples.travelingtournament.domain.Team reference="24"/>
                <int>1190</int>
              </entry>
              <entry>
                <org.drools.solver.examples.travelingtournament.domain.Team reference="18"/>
                <int>605</int>
              </entry>
              <entry>
                <org.drools.solver.examples.travelingtournament.domain.Team reference="26"/>
                <int>1090</int>
              </entry>
              <entry>
                <org.drools.solver.examples.travelingtournament.domain.Team reference="28"/>
                <int>957</int>
              </entry>
              <entry>
                <org.drools.solver.examples.travelingtournament.domain.Team reference="30"/>
                <int>1010</int>
              </entry>
              <entry>
                <org.drools.solver.examples.travelingtournament.domain.Team reference="32"/>
                <int>1020</int>
              </entry>
            </distanceToTeamMap>
          </org.drools.solver.examples.travelingtournament.domain.Team>
          <int>605</int>
        </entry>
        <entry>
          <org.drools.solver.examples.travelingtournament.domain.Team reference="22"/>
          <int>929</int>
        </entry>
        <entry>
          <org.drools.solver.examples.travelingtournament.domain.Team reference="24"/>
          <int>587</int>
        </entry>
        <entry>
          <org.drools.solver.examples.travelingtournament.domain.Team reference="18"/>
          <int>0</int>
        </entry>
        <entry>
          <org.drools.solver.examples.travelingtournament.domain.Team reference="26"/>
          <int>745</int>
        </entry>
        <entry>
          <org.drools.solver.examples.travelingtournament.domain.Team reference="28"/>
          <int>370</int>
        </entry>
        <entry>
          <org.drools.solver.examples.travelingtournament.domain.Team reference="30"/>
          <int>521</int>
        </entry>
        <entry>
          <org.drools.solver.examples.travelingtournament.domain.Team reference="32"/>
          <int>665</int>
        </entry>
      </distanceToTeamMap>
    </org.drools.solver.examples.travelingtournament.domain.Team>
    <org.drools.solver.examples.travelingtournament.domain.Team reference="26"/>
    <org.drools.solver.examples.travelingtournament.domain.Team reference="32"/>
    <org.drools.solver.examples.travelingtournament.domain.Team reference="22"/>
    <org.drools.solver.examples.travelingtournament.domain.Team reference="20"/>
    <org.drools.solver.examples.travelingtournament.domain.Team reference="30"/>
    <org.drools.solver.examples.travelingtournament.domain.Team reference="28"/>
    <org.drools.solver.examples.travelingtournament.domain.Team reference="24"/>
  </teamList>
  <matchList id="34">
    <org.drools.solver.examples.travelingtournament.domain.Match id="35">
      <id>0</id>
      <homeTeam reference="18"/>
      <awayTeam reference="26"/>
      <day reference="14"/>
    </org.drools.solver.examples.travelingtournament.domain.Match>
    <org.drools.solver.examples.travelingtournament.domain.Match id="36">
      <id>1</id>
      <homeTeam reference="18"/>
      <awayTeam reference="32"/>
      <day reference="11"/>
    </org.drools.solver.examples.travelingtournament.domain.Match>
    <org.drools.solver.examples.travelingtournament.domain.Match id="37">
      <id>2</id>
      <homeTeam reference="18"/>
      <awayTeam reference="22"/>
      <day reference="8"/>
    </org.drools.solver.examples.travelingtournament.domain.Match>
    <org.drools.solver.examples.travelingtournament.domain.Match id="38">
      <id>3</id>
      <homeTeam reference="18"/>
      <awayTeam reference="20"/>
      <day reference="5"/>
    </org.drools.solver.examples.travelingtournament.domain.Match>
    <org.drools.solver.examples.travelingtournament.domain.Match id="39">
      <id>4</id>
      <homeTeam reference="18"/>
      <awayTeam reference="30"/>
      <day reference="9"/>
    </org.drools.solver.examples.travelingtournament.domain.Match>
    <org.drools.solver.examples.travelingtournament.domain.Match id="40">
      <id>5</id>
      <homeTeam reference="18"/>
      <awayTeam reference="28"/>
      <day reference="6"/>
    </org.drools.solver.examples.travelingtournament.domain.Match>
    <org.drools.solver.examples.travelingtournament.domain.Match id="41">
      <id>6</id>
      <homeTeam reference="18"/>
      <awayTeam reference="24"/>
      <day reference="10"/>
    </org.drools.solver.examples.travelingtournament.domain.Match>
    <org.drools.solver.examples.travelingtournament.domain.Match id="42">
      <id>7</id>
      <homeTeam reference="26"/>
      <awayTeam reference="18"/>
      <day reference="7"/>
    </org.drools.solver.examples.travelingtournament.domain.Match>
    <org.drools.solver.examples.travelingtournament.domain.Match id="43">
      <id>8</id>
      <homeTeam reference="26"/>
      <awayTeam reference="32"/>
      <day reference="15"/>
    </org.drools.solver.examples.travelingtournament.domain.Match>
    <org.drools.solver.examples.travelingtournament.domain.Match id="44">
      <id>9</id>
      <homeTeam reference="26"/>
      <awayTeam reference="22"/>
      <day reference="12"/>
    </org.drools.solver.examples.travelingtournament.domain.Match>
    <org.drools.solver.examples.travelingtournament.domain.Match id="45">
      <id>10</id>
      <homeTeam reference="26"/>
      <awayTeam reference="20"/>
      <day reference="16"/>
    </org.drools.solver.examples.travelingtournament.domain.Match>
    <org.drools.solver.examples.travelingtournament.domain.Match id="46">
      <id>11</id>
      <homeTeam reference="26"/>
      <awayTeam reference="30"/>
      <day reference="13"/>
    </org.drools.solver.examples.travelingtournament.domain.Match>
    <org.drools.solver.examples.travelingtournament.domain.Match id="47">
      <id>12</id>
      <homeTeam reference="26"/>
      <awayTeam reference="28"/>
      <day reference="3"/>
    </org.drools.solver.examples.travelingtournament.domain.Match>
    <org.drools.solver.examples.travelingtournament.domain.Match id="48">
      <id>13</id>
      <homeTeam reference="26"/>
      <awayTeam reference="24"/>
      <day reference="11"/>
    </org.drools.solver.examples.travelingtournament.domain.Match>
    <org.drools.solver.examples.travelingtournament.domain.Match id="49">
      <id>14</id>
      <homeTeam reference="32"/>
      <awayTeam reference="18"/>
      <day reference="4"/>
    </org.drools.solver.examples.travelingtournament.domain.Match>
    <org.drools.solver.examples.travelingtournament.domain.Match id="50">
      <id>15</id>
      <homeTeam reference="32"/>
      <awayTeam reference="26"/>
      <day reference="8"/>
    </org.drools.solver.examples.travelingtournament.domain.Match>
    <org.drools.solver.examples.travelingtournament.domain.Match id="51">
      <id>16</id>
      <homeTeam reference="32"/>
      <awayTeam reference="22"/>
      <day reference="9"/>
    </org.drools.solver.examples.travelingtournament.domain.Match>
    <org.drools.solver.examples.travelingtournament.domain.Match id="52">
      <id>17</id>
      <homeTeam reference="32"/>
      <awayTeam reference="20"/>
      <day reference="6"/>
    </org.drools.solver.examples.travelingtournament.domain.Match>
    <org.drools.solver.examples.travelingtournament.domain.Match id="53">
      <id>18</id>
      <homeTeam reference="32"/>
      <awayTeam reference="30"/>
      <day reference="10"/>
    </org.drools.solver.examples.travelingtournament.domain.Match>
    <org.drools.solver.examples.travelingtournament.domain.Match id="54">
      <id>19</id>
      <homeTeam reference="32"/>
      <awayTeam reference="28"/>
      <day reference="14"/>
    </org.drools.solver.examples.travelingtournament.domain.Match>
    <org.drools.solver.examples.travelingtournament.domain.Match id="55">
      <id>20</id>
      <homeTeam reference="32"/>
      <awayTeam reference="24"/>
      <day reference="12"/>
    </org.drools.solver.examples.travelingtournament.domain.Match>
    <org.drools.solver.examples.travelingtournament.domain.Match id="56">
      <id>21</id>
      <homeTeam reference="22"/>
      <awayTeam reference="18"/>
      <day reference="15"/>
    </org.drools.solver.examples.travelingtournament.domain.Match>
    <org.drools.solver.examples.travelingtournament.domain.Match id="57">
      <id>22</id>
      <homeTeam reference="22"/>
      <awayTeam reference="26"/>
      <day reference="5"/>
    </org.drools.solver.examples.travelingtournament.domain.Match>
    <org.drools.solver.examples.travelingtournament.domain.Match id="58">
      <id>23</id>
      <homeTeam reference="22"/>
      <awayTeam reference="32"/>
      <day reference="16"/>
    </org.drools.solver.examples.travelingtournament.domain.Match>
    <org.drools.solver.examples.travelingtournament.domain.Match id="59">
      <id>24</id>
      <homeTeam reference="22"/>
      <awayTeam reference="20"/>
      <day reference="3"/>
    </org.drools.solver.examples.travelingtournament.domain.Match>
    <org.drools.solver.examples.travelingtournament.domain.Match id="60">
      <id>25</id>
      <homeTeam reference="22"/>
      <awayTeam reference="30"/>
      <day reference="7"/>
    </org.drools.solver.examples.travelingtournament.domain.Match>
    <org.drools.solver.examples.travelingtournament.domain.Match id="61">
      <id>26</id>
      <homeTeam reference="22"/>
      <awayTeam reference="28"/>
      <day reference="11"/>
    </org.drools.solver.examples.travelingtournament.domain.Match>
    <org.drools.solver.examples.travelingtournament.domain.Match id="62">
      <id>27</id>
      <homeTeam reference="22"/>
      <awayTeam reference="24"/>
      <day reference="6"/>
    </org.drools.solver.examples.travelingtournament.domain.Match>
    <org.drools.solver.examples.travelingtournament.domain.Match id="63">
      <id>28</id>
      <homeTeam reference="20"/>
      <awayTeam reference="18"/>
      <day reference="12"/>
    </org.drools.solver.examples.travelingtournament.domain.Match>
    <org.drools.solver.examples.travelingtournament.domain.Match id="64">
      <id>29</id>
      <homeTeam reference="20"/>
      <awayTeam reference="26"/>
      <day reference="9"/>
    </org.drools.solver.examples.travelingtournament.domain.Match>
    <org.drools.solver.examples.travelingtournament.domain.Match id="65">
      <id>30</id>
      <homeTeam reference="20"/>
      <awayTeam reference="32"/>
      <day reference="13"/>
    </org.drools.solver.examples.travelingtournament.domain.Match>
    <org.drools.solver.examples.travelingtournament.domain.Match id="66">
      <id>31</id>
      <homeTeam reference="20"/>
      <awayTeam reference="22"/>
      <day reference="10"/>
    </org.drools.solver.examples.travelingtournament.domain.Match>
    <org.drools.solver.examples.travelingtournament.domain.Match id="67">
      <id>32</id>
      <homeTeam reference="20"/>
      <awayTeam reference="30"/>
      <day reference="4"/>
    </org.drools.solver.examples.travelingtournament.domain.Match>
    <org.drools.solver.examples.travelingtournament.domain.Match id="68">
      <id>33</id>
      <homeTeam reference="20"/>
      <awayTeam reference="28"/>
      <day reference="8"/>
    </org.drools.solver.examples.travelingtournament.domain.Match>
    <org.drools.solver.examples.travelingtournament.domain.Match id="69">
      <id>34</id>
      <homeTeam reference="20"/>
      <awayTeam reference="24"/>
      <day reference="7"/>
    </org.drools.solver.examples.travelingtournament.domain.Match>
    <org.drools.solver.examples.travelingtournament.domain.Match id="70">
      <id>35</id>
      <homeTeam reference="30"/>
      <awayTeam reference="18"/>
      <day reference="16"/>
    </org.drools.solver.examples.travelingtournament.domain.Match>
    <org.drools.solver.examples.travelingtournament.domain.Match id="71">
      <id>36</id>
      <homeTeam reference="30"/>
      <awayTeam reference="26"/>
      <day reference="6"/>
    </org.drools.solver.examples.travelingtournament.domain.Match>
    <org.drools.solver.examples.travelingtournament.domain.Match id="72">
      <id>37</id>
      <homeTeam reference="30"/>
      <awayTeam reference="32"/>
      <day reference="3"/>
    </org.drools.solver.examples.travelingtournament.domain.Match>
    <org.drools.solver.examples.travelingtournament.domain.Match id="73">
      <id>38</id>
      <homeTeam reference="30"/>
      <awayTeam reference="22"/>
      <day reference="14"/>
    </org.drools.solver.examples.travelingtournament.domain.Match>
    <org.drools.solver.examples.travelingtournament.domain.Match id="74">
      <id>39</id>
      <homeTeam reference="30"/>
      <awayTeam reference="20"/>
      <day reference="11"/>
    </org.drools.solver.examples.travelingtournament.domain.Match>
    <org.drools.solver.examples.travelingtournament.domain.Match id="75">
      <id>40</id>
      <homeTeam reference="30"/>
      <awayTeam reference="28"/>
      <day reference="5"/>
    </org.drools.solver.examples.travelingtournament.domain.Match>
    <org.drools.solver.examples.travelingtournament.domain.Match id="76">
      <id>41</id>
      <homeTeam reference="30"/>
      <awayTeam reference="24"/>
      <day reference="8"/>
    </org.drools.solver.examples.travelingtournament.domain.Match>
    <org.drools.solver.examples.travelingtournament.domain.Match id="77">
      <id>42</id>
      <homeTeam reference="28"/>
      <awayTeam reference="18"/>
      <day reference="13"/>
    </org.drools.solver.examples.travelingtournament.domain.Match>
    <org.drools.solver.examples.travelingtournament.domain.Match id="78">
      <id>43</id>
      <homeTeam reference="28"/>
      <awayTeam reference="26"/>
      <day reference="10"/>
    </org.drools.solver.examples.travelingtournament.domain.Match>
    <org.drools.solver.examples.travelingtournament.domain.Match id="79">
      <id>44</id>
      <homeTeam reference="28"/>
      <awayTeam reference="32"/>
      <day reference="7"/>
    </org.drools.solver.examples.travelingtournament.domain.Match>
    <org.drools.solver.examples.travelingtournament.domain.Match id="80">
      <id>45</id>
      <homeTeam reference="28"/>
      <awayTeam reference="22"/>
      <day reference="4"/>
    </org.drools.solver.examples.travelingtournament.domain.Match>
    <org.drools.solver.examples.travelingtournament.domain.Match id="81">
      <id>46</id>
      <homeTeam reference="28"/>
      <awayTeam reference="20"/>
      <day reference="15"/>
    </org.drools.solver.examples.travelingtournament.domain.Match>
    <org.drools.solver.examples.travelingtournament.domain.Match id="82">
      <id>47</id>
      <homeTeam reference="28"/>
      <awayTeam reference="30"/>
      <day reference="12"/>
    </org.drools.solver.examples.travelingtournament.domain.Match>
    <org.drools.solver.examples.travelingtournament.domain.Match id="83">
      <id>48</id>
      <homeTeam reference="28"/>
      <awayTeam reference="24"/>
      <day reference="16"/>
    </org.drools.solver.examples.travelingtournament.domain.Match>
    <org.drools.solver.examples.travelingtournament.domain.Match id="84">
      <id>49</id>
      <homeTeam reference="24"/>
      <awayTeam reference="18"/>
      <day reference="3"/>
    </org.drools.solver.examples.travelingtournament.domain.Match>
    <org.drools.solver.examples.travelingtournament.domain.Match id="85">
      <id>50</id>
      <homeTeam reference="24"/>
      <awayTeam reference="26"/>
      <day reference="4"/>
    </org.drools.solver.examples.travelingtournament.domain.Match>
    <org.drools.solver.examples.travelingtournament.domain.Match id="86">
      <id>51</id>
      <homeTeam reference="24"/>
      <awayTeam reference="32"/>
      <day reference="5"/>
    </org.drools.solver.examples.travelingtournament.domain.Match>
    <org.drools.solver.examples.travelingtournament.domain.Match id="87">
      <id>52</id>
      <homeTeam reference="24"/>
      <awayTeam reference="22"/>
      <day reference="13"/>
    </org.drools.solver.examples.travelingtournament.domain.Match>
    <org.drools.solver.examples.travelingtournament.domain.Match id="88">
      <id>53</id>
      <homeTeam reference="24"/>
      <awayTeam reference="20"/>
      <day reference="14"/>
    </org.drools.solver.examples.travelingtournament.domain.Match>
    <org.drools.solver.examples.travelingtournament.domain.Match id="89">
      <id>54</id>
      <homeTeam reference="24"/>
      <awayTeam reference="30"/>
      <day reference="15"/>
    </org.drools.solver.examples.travelingtournament.domain.Match>
    <org.drools.solver.examples.travelingtournament.domain.Match id="90">
      <id>55</id>
      <homeTeam reference="24"/>
      <awayTeam reference="28"/>
      <day reference="9"/>
    </org.drools.solver.examples.travelingtournament.domain.Match>
  </matchList>
</org.drools.solver.examples.travelingtournament.domain.TravelingTournament>