<org.drools.solver.examples.nqueens.domain.NQueens id="1">
  <queenList id="2">
    <org.drools.solver.examples.nqueens.domain.Queen id="3">
      <x>0</x>
      <y>0</y>
      <id>0</id>
    </org.drools.solver.examples.nqueens.domain.Queen>
    <org.drools.solver.examples.nqueens.domain.Queen id="4">
      <x>1</x>
      <y>0</y>
      <id>1</id>
    </org.drools.solver.examples.nqueens.domain.Queen>
    <org.drools.solver.examples.nqueens.domain.Queen id="5">
      <x>2</x>
      <y>0</y>
      <id>2</id>
    </org.drools.solver.examples.nqueens.domain.Queen>
    <org.drools.solver.examples.nqueens.domain.Queen id="6">
      <x>3</x>
      <y>0</y>
      <id>3</id>
    </org.drools.solver.examples.nqueens.domain.Queen>
    <org.drools.solver.examples.nqueens.domain.Queen id="7">
      <x>4</x>
      <y>0</y>
      <id>4</id>
    </org.drools.solver.examples.nqueens.domain.Queen>
    <org.drools.solver.examples.nqueens.domain.Queen id="8">
      <x>5</x>
      <y>0</y>
      <id>5</id>
    </org.drools.solver.examples.nqueens.domain.Queen>
    <org.drools.solver.examples.nqueens.domain.Queen id="9">
      <x>6</x>
      <y>0</y>
      <id>6</id>
    </org.drools.solver.examples.nqueens.domain.Queen>
    <org.drools.solver.examples.nqueens.domain.Queen id="10">
      <x>7</x>
      <y>0</y>
      <id>7</id>
    </org.drools.solver.examples.nqueens.domain.Queen>
    <org.drools.solver.examples.nqueens.domain.Queen id="11">
      <x>8</x>
      <y>0</y>
      <id>8</id>
    </org.drools.solver.examples.nqueens.domain.Queen>
    <org.drools.solver.examples.nqueens.domain.Queen id="12">
      <x>9</x>
      <y>0</y>
      <id>9</id>
    </org.drools.solver.examples.nqueens.domain.Queen>
    <org.drools.solver.examples.nqueens.domain.Queen id="13">
      <x>10</x>
      <y>0</y>
      <id>10</id>
    </org.drools.solver.examples.nqueens.domain.Queen>
    <org.drools.solver.examples.nqueens.domain.Queen id="14">
      <x>11</x>
      <y>0</y>
      <id>11</id>
    </org.drools.solver.examples.nqueens.domain.Queen>
    <org.drools.solver.examples.nqueens.domain.Queen id="15">
      <x>12</x>
      <y>0</y>
      <id>12</id>
    </org.drools.solver.examples.nqueens.domain.Queen>
    <org.drools.solver.examples.nqueens.domain.Queen id="16">
      <x>13</x>
      <y>0</y>
      <id>13</id>
    </org.drools.solver.examples.nqueens.domain.Queen>
    <org.drools.solver.examples.nqueens.domain.Queen id="17">
      <x>14</x>
      <y>0</y>
      <id>14</id>
    </org.drools.solver.examples.nqueens.domain.Queen>
    <org.drools.solver.examples.nqueens.domain.Queen id="18">
      <x>15</x>
      <y>0</y>
      <id>15</id>
    </org.drools.solver.examples.nqueens.domain.Queen>
    <org.drools.solver.examples.nqueens.domain.Queen id="19">
      <x>16</x>
      <y>0</y>
      <id>16</id>
    </org.drools.solver.examples.nqueens.domain.Queen>
    <org.drools.solver.examples.nqueens.domain.Queen id="20">
      <x>17</x>
      <y>0</y>
      <id>17</id>
    </org.drools.solver.examples.nqueens.domain.Queen>
    <org.drools.solver.examples.nqueens.domain.Queen id="21">
      <x>18</x>
      <y>0</y>
      <id>18</id>
    </org.drools.solver.examples.nqueens.domain.Queen>
    <org.drools.solver.examples.nqueens.domain.Queen id="22">
      <x>19</x>
      <y>0</y>
      <id>19</id>
    </org.drools.solver.examples.nqueens.domain.Queen>
    <org.drools.solver.examples.nqueens.domain.Queen id="23">
      <x>20</x>
      <y>0</y>
      <id>20</id>
    </org.drools.solver.examples.nqueens.domain.Queen>
    <org.drools.solver.examples.nqueens.domain.Queen id="24">
      <x>21</x>
      <y>0</y>
      <id>21</id>
    </org.drools.solver.examples.nqueens.domain.Queen>
    <org.drools.solver.examples.nqueens.domain.Queen id="25">
      <x>22</x>
      <y>0</y>
      <id>22</id>
    </org.drools.solver.examples.nqueens.domain.Queen>
    <org.drools.solver.examples.nqueens.domain.Queen id="26">
      <x>23</x>
      <y>0</y>
      <id>23</id>
    </org.drools.solver.examples.nqueens.domain.Queen>
    <org.drools.solver.examples.nqueens.domain.Queen id="27">
      <x>24</x>
      <y>0</y>
      <id>24</id>
    </org.drools.solver.examples.nqueens.domain.Queen>
    <org.drools.solver.examples.nqueens.domain.Queen id="28">
      <x>25</x>
      <y>0</y>
      <id>25</id>
    </org.drools.solver.examples.nqueens.domain.Queen>
    <org.drools.solver.examples.nqueens.domain.Queen id="29">
      <x>26</x>
      <y>0</y>
      <id>26</id>
    </org.drools.solver.examples.nqueens.domain.Queen>
    <org.drools.solver.examples.nqueens.domain.Queen id="30">
      <x>27</x>
      <y>0</y>
      <id>27</id>
    </org.drools.solver.examples.nqueens.domain.Queen>
    <org.drools.solver.examples.nqueens.domain.Queen id="31">
      <x>28</x>
      <y>0</y>
      <id>28</id>
    </org.drools.solver.examples.nqueens.domain.Queen>
    <org.drools.solver.examples.nqueens.domain.Queen id="32">
      <x>29</x>
      <y>0</y>
      <id>29</id>
    </org.drools.solver.examples.nqueens.domain.Queen>
    <org.drools.solver.examples.nqueens.domain.Queen id="33">
      <x>30</x>
      <y>0</y>
      <id>30</id>
    </org.drools.solver.examples.nqueens.domain.Queen>
    <org.drools.solver.examples.nqueens.domain.Queen id="34">
      <x>31</x>
      <y>0</y>
      <id>31</id>
    </org.drools.solver.examples.nqueens.domain.Queen>
    <org.drools.solver.examples.nqueens.domain.Queen id="35">
      <x>32</x>
      <y>0</y>
      <id>32</id>
    </org.drools.solver.examples.nqueens.domain.Queen>
    <org.drools.solver.examples.nqueens.domain.Queen id="36">
      <x>33</x>
      <y>0</y>
      <id>33</id>
    </org.drools.solver.examples.nqueens.domain.Queen>
    <org.drools.solver.examples.nqueens.domain.Queen id="37">
      <x>34</x>
      <y>0</y>
      <id>34</id>
    </org.drools.solver.examples.nqueens.domain.Queen>
    <org.drools.solver.examples.nqueens.domain.Queen id="38">
      <x>35</x>
      <y>0</y>
      <id>35</id>
    </org.drools.solver.examples.nqueens.domain.Queen>
    <org.drools.solver.examples.nqueens.domain.Queen id="39">
      <x>36</x>
      <y>0</y>
      <id>36</id>
    </org.drools.solver.examples.nqueens.domain.Queen>
    <org.drools.solver.examples.nqueens.domain.Queen id="40">
      <x>37</x>
      <y>0</y>
      <id>37</id>
    </org.drools.solver.examples.nqueens.domain.Queen>
    <org.drools.solver.examples.nqueens.domain.Queen id="41">
      <x>38</x>
      <y>0</y>
      <id>38</id>
    </org.drools.solver.examples.nqueens.domain.Queen>
    <org.drools.solver.examples.nqueens.domain.Queen id="42">
      <x>39</x>
      <y>0</y>
      <id>39</id>
    </org.drools.solver.examples.nqueens.domain.Queen>
    <org.drools.solver.examples.nqueens.domain.Queen id="43">
      <x>40</x>
      <y>0</y>
      <id>40</id>
    </org.drools.solver.examples.nqueens.domain.Queen>
    <org.drools.solver.examples.nqueens.domain.Queen id="44">
      <x>41</x>
      <y>0</y>
      <id>41</id>
    </org.drools.solver.examples.nqueens.domain.Queen>
    <org.drools.solver.examples.nqueens.domain.Queen id="45">
      <x>42</x>
      <y>0</y>
      <id>42</id>
    </org.drools.solver.examples.nqueens.domain.Queen>
    <org.drools.solver.examples.nqueens.domain.Queen id="46">
      <x>43</x>
      <y>0</y>
      <id>43</id>
    </org.drools.solver.examples.nqueens.domain.Queen>
    <org.drools.solver.examples.nqueens.domain.Queen id="47">
      <x>44</x>
      <y>0</y>
      <id>44</id>
    </org.drools.solver.examples.nqueens.domain.Queen>
    <org.drools.solver.examples.nqueens.domain.Queen id="48">
      <x>45</x>
      <y>0</y>
      <id>45</id>
    </org.drools.solver.examples.nqueens.domain.Queen>
    <org.drools.solver.examples.nqueens.domain.Queen id="49">
      <x>46</x>
      <y>0</y>
      <id>46</id>
    </org.drools.solver.examples.nqueens.domain.Queen>
    <org.drools.solver.examples.nqueens.domain.Queen id="50">
      <x>47</x>
      <y>0</y>
      <id>47</id>
    </org.drools.solver.examples.nqueens.domain.Queen>
    <org.drools.solver.examples.nqueens.domain.Queen id="51">
      <x>48</x>
      <y>0</y>
      <id>48</id>
    </org.drools.solver.examples.nqueens.domain.Queen>
    <org.drools.solver.examples.nqueens.domain.Queen id="52">
      <x>49</x>
      <y>0</y>
      <id>49</id>
    </org.drools.solver.examples.nqueens.domain.Queen>
    <org.drools.solver.examples.nqueens.domain.Queen id="53">
      <x>50</x>
      <y>0</y>
      <id>50</id>
    </org.drools.solver.examples.nqueens.domain.Queen>
    <org.drools.solver.examples.nqueens.domain.Queen id="54">
      <x>51</x>
      <y>0</y>
      <id>51</id>
    </org.drools.solver.examples.nqueens.domain.Queen>
    <org.drools.solver.examples.nqueens.domain.Queen id="55">
      <x>52</x>
      <y>0</y>
      <id>52</id>
    </org.drools.solver.examples.nqueens.domain.Queen>
    <org.drools.solver.examples.nqueens.domain.Queen id="56">
      <x>53</x>
      <y>0</y>
      <id>53</id>
    </org.drools.solver.examples.nqueens.domain.Queen>
    <org.drools.solver.examples.nqueens.domain.Queen id="57">
      <x>54</x>
      <y>0</y>
      <id>54</id>
    </org.drools.solver.examples.nqueens.domain.Queen>
    <org.drools.solver.examples.nqueens.domain.Queen id="58">
      <x>55</x>
      <y>0</y>
      <id>55</id>
    </org.drools.solver.examples.nqueens.domain.Queen>
    <org.drools.solver.examples.nqueens.domain.Queen id="59">
      <x>56</x>
      <y>0</y>
      <id>56</id>
    </org.drools.solver.examples.nqueens.domain.Queen>
    <org.drools.solver.examples.nqueens.domain.Queen id="60">
      <x>57</x>
      <y>0</y>
      <id>57</id>
    </org.drools.solver.examples.nqueens.domain.Queen>
    <org.drools.solver.examples.nqueens.domain.Queen id="61">
      <x>58</x>
      <y>0</y>
      <id>58</id>
    </org.drools.solver.examples.nqueens.domain.Queen>
    <org.drools.solver.examples.nqueens.domain.Queen id="62">
      <x>59</x>
      <y>0</y>
      <id>59</id>
    </org.drools.solver.examples.nqueens.domain.Queen>
    <org.drools.solver.examples.nqueens.domain.Queen id="63">
      <x>60</x>
      <y>0</y>
      <id>60</id>
    </org.drools.solver.examples.nqueens.domain.Queen>
    <org.drools.solver.examples.nqueens.domain.Queen id="64">
      <x>61</x>
      <y>0</y>
      <id>61</id>
    </org.drools.solver.examples.nqueens.domain.Queen>
    <org.drools.solver.examples.nqueens.domain.Queen id="65">
      <x>62</x>
      <y>0</y>
      <id>62</id>
    </org.drools.solver.examples.nqueens.domain.Queen>
    <org.drools.solver.examples.nqueens.domain.Queen id="66">
      <x>63</x>
      <y>0</y>
      <id>63</id>
    </org.drools.solver.examples.nqueens.domain.Queen>
  </queenList>
  <id>0</id>
</org.drools.solver.examples.nqueens.domain.NQueens>