<org.drools.solver.examples.nqueens.domain.NQueens id="1">
  <queenList id="2">
    <org.drools.solver.examples.nqueens.domain.Queen id="3">
      <x>0</x>
      <y>0</y>
      <id>0</id>
    </org.drools.solver.examples.nqueens.domain.Queen>
    <org.drools.solver.examples.nqueens.domain.Queen id="4">
      <x>1</x>
      <y>0</y>
      <id>1</id>
    </org.drools.solver.examples.nqueens.domain.Queen>
    <org.drools.solver.examples.nqueens.domain.Queen id="5">
      <x>2</x>
      <y>0</y>
      <id>2</id>
    </org.drools.solver.examples.nqueens.domain.Queen>
    <org.drools.solver.examples.nqueens.domain.Queen id="6">
      <x>3</x>
      <y>0</y>
      <id>3</id>
    </org.drools.solver.examples.nqueens.domain.Queen>
    <org.drools.solver.examples.nqueens.domain.Queen id="7">
      <x>4</x>
      <y>0</y>
      <id>4</id>
    </org.drools.solver.examples.nqueens.domain.Queen>
    <org.drools.solver.examples.nqueens.domain.Queen id="8">
      <x>5</x>
      <y>0</y>
      <id>5</id>
    </org.drools.solver.examples.nqueens.domain.Queen>
    <org.drools.solver.examples.nqueens.domain.Queen id="9">
      <x>6</x>
      <y>0</y>
      <id>6</id>
    </org.drools.solver.examples.nqueens.domain.Queen>
    <org.drools.solver.examples.nqueens.domain.Queen id="10">
      <x>7</x>
      <y>0</y>
      <id>7</id>
    </org.drools.solver.examples.nqueens.domain.Queen>
    <org.drools.solver.examples.nqueens.domain.Queen id="11">
      <x>8</x>
      <y>0</y>
      <id>8</id>
    </org.drools.solver.examples.nqueens.domain.Queen>
    <org.drools.solver.examples.nqueens.domain.Queen id="12">
      <x>9</x>
      <y>0</y>
      <id>9</id>
    </org.drools.solver.examples.nqueens.domain.Queen>
    <org.drools.solver.examples.nqueens.domain.Queen id="13">
      <x>10</x>
      <y>0</y>
      <id>10</id>
    </org.drools.solver.examples.nqueens.domain.Queen>
    <org.drools.solver.examples.nqueens.domain.Queen id="14">
      <x>11</x>
      <y>0</y>
      <id>11</id>
    </org.drools.solver.examples.nqueens.domain.Queen>
    <org.drools.solver.examples.nqueens.domain.Queen id="15">
      <x>12</x>
      <y>0</y>
      <id>12</id>
    </org.drools.solver.examples.nqueens.domain.Queen>
    <org.drools.solver.examples.nqueens.domain.Queen id="16">
      <x>13</x>
      <y>0</y>
      <id>13</id>
    </org.drools.solver.examples.nqueens.domain.Queen>
    <org.drools.solver.examples.nqueens.domain.Queen id="17">
      <x>14</x>
      <y>0</y>
      <id>14</id>
    </org.drools.solver.examples.nqueens.domain.Queen>
    <org.drools.solver.examples.nqueens.domain.Queen id="18">
      <x>15</x>
      <y>0</y>
      <id>15</id>
    </org.drools.solver.examples.nqueens.domain.Queen>
    <org.drools.solver.examples.nqueens.domain.Queen id="19">
      <x>16</x>
      <y>0</y>
      <id>16</id>
    </org.drools.solver.examples.nqueens.domain.Queen>
    <org.drools.solver.examples.nqueens.domain.Queen id="20">
      <x>17</x>
      <y>0</y>
      <id>17</id>
    </org.drools.solver.examples.nqueens.domain.Queen>
    <org.drools.solver.examples.nqueens.domain.Queen id="21">
      <x>18</x>
      <y>0</y>
      <id>18</id>
    </org.drools.solver.examples.nqueens.domain.Queen>
    <org.drools.solver.examples.nqueens.domain.Queen id="22">
      <x>19</x>
      <y>0</y>
      <id>19</id>
    </org.drools.solver.examples.nqueens.domain.Queen>
    <org.drools.solver.examples.nqueens.domain.Queen id="23">
      <x>20</x>
      <y>0</y>
      <id>20</id>
    </org.drools.solver.examples.nqueens.domain.Queen>
    <org.drools.solver.examples.nqueens.domain.Queen id="24">
      <x>21</x>
      <y>0</y>
      <id>21</id>
    </org.drools.solver.examples.nqueens.domain.Queen>
    <org.drools.solver.examples.nqueens.domain.Queen id="25">
      <x>22</x>
      <y>0</y>
      <id>22</id>
    </org.drools.solver.examples.nqueens.domain.Queen>
    <org.drools.solver.examples.nqueens.domain.Queen id="26">
      <x>23</x>
      <y>0</y>
      <id>23</id>
    </org.drools.solver.examples.nqueens.domain.Queen>
    <org.drools.solver.examples.nqueens.domain.Queen id="27">
      <x>24</x>
      <y>0</y>
      <id>24</id>
    </org.drools.solver.examples.nqueens.domain.Queen>
    <org.drools.solver.examples.nqueens.domain.Queen id="28">
      <x>25</x>
      <y>0</y>
      <id>25</id>
    </org.drools.solver.examples.nqueens.domain.Queen>
    <org.drools.solver.examples.nqueens.domain.Queen id="29">
      <x>26</x>
      <y>0</y>
      <id>26</id>
    </org.drools.solver.examples.nqueens.domain.Queen>
    <org.drools.solver.examples.nqueens.domain.Queen id="30">
      <x>27</x>
      <y>0</y>
      <id>27</id>
    </org.drools.solver.examples.nqueens.domain.Queen>
    <org.drools.solver.examples.nqueens.domain.Queen id="31">
      <x>28</x>
      <y>0</y>
      <id>28</id>
    </org.drools.solver.examples.nqueens.domain.Queen>
    <org.drools.solver.examples.nqueens.domain.Queen id="32">
      <x>29</x>
      <y>0</y>
      <id>29</id>
    </org.drools.solver.examples.nqueens.domain.Queen>
    <org.drools.solver.examples.nqueens.domain.Queen id="33">
      <x>30</x>
      <y>0</y>
      <id>30</id>
    </org.drools.solver.examples.nqueens.domain.Queen>
    <org.drools.solver.examples.nqueens.domain.Queen id="34">
      <x>31</x>
      <y>0</y>
      <id>31</id>
    </org.drools.solver.examples.nqueens.domain.Queen>
  </queenList>
  <id>0</id>
</org.drools.solver.examples.nqueens.domain.NQueens>