<org.drools.solver.examples.travelingtournament.domain.TravelingTournament id="1">
  <dayList id="2">
    <org.drools.solver.examples.travelingtournament.domain.Day id="3">
      <index>0</index>
      <id>0</id>
    </org.drools.solver.examples.travelingtournament.domain.Day>
    <org.drools.solver.examples.travelingtournament.domain.Day id="4">
      <index>1</index>
      <id>1</id>
    </org.drools.solver.examples.travelingtournament.domain.Day>
    <org.drools.solver.examples.travelingtournament.domain.Day id="5">
      <index>2</index>
      <id>2</id>
    </org.drools.solver.examples.travelingtournament.domain.Day>
    <org.drools.solver.examples.travelingtournament.domain.Day id="6">
      <index>3</index>
      <id>3</id>
    </org.drools.solver.examples.travelingtournament.domain.Day>
    <org.drools.solver.examples.travelingtournament.domain.Day id="7">
      <index>4</index>
      <id>4</id>
    </org.drools.solver.examples.travelingtournament.domain.Day>
    <org.drools.solver.examples.travelingtournament.domain.Day id="8">
      <index>5</index>
      <id>5</id>
    </org.drools.solver.examples.travelingtournament.domain.Day>
  </dayList>
  <teamList id="9">
    <org.drools.solver.examples.travelingtournament.domain.Team id="10">
      <name>ATL</name>
      <distanceToTeamMap id="11">
        <entry>
          <org.drools.solver.examples.travelingtournament.domain.Team id="12">
            <name>PHI</name>
            <distanceToTeamMap id="13">
              <entry>
                <org.drools.solver.examples.travelingtournament.domain.Team reference="12"/>
                <int>0</int>
              </entry>
              <entry>
                <org.drools.solver.examples.travelingtournament.domain.Team id="14">
                  <name>NYM</name>
                  <distanceToTeamMap id="15">
                    <entry>
                      <org.drools.solver.examples.travelingtournament.domain.Team reference="12"/>
                      <int>80</int>
                    </entry>
                    <entry>
                      <org.drools.solver.examples.travelingtournament.domain.Team reference="14"/>
                      <int>0</int>
                    </entry>
                    <entry>
                      <org.drools.solver.examples.travelingtournament.domain.Team reference="10"/>
                      <int>745</int>
                    </entry>
                    <entry>
                      <org.drools.solver.examples.travelingtournament.domain.Team id="16">
                        <name>MON</name>
                        <distanceToTeamMap id="17">
                          <entry>
                            <org.drools.solver.examples.travelingtournament.domain.Team reference="12"/>
                            <int>380</int>
                          </entry>
                          <entry>
                            <org.drools.solver.examples.travelingtournament.domain.Team reference="14"/>
                            <int>337</int>
                          </entry>
                          <entry>
                            <org.drools.solver.examples.travelingtournament.domain.Team reference="10"/>
                            <int>929</int>
                          </entry>
                          <entry>
                            <org.drools.solver.examples.travelingtournament.domain.Team reference="16"/>
                            <int>0</int>
                          </entry>
                        </distanceToTeamMap>
                        <id>3</id>
                      </org.drools.solver.examples.travelingtournament.domain.Team>
                      <int>337</int>
                    </entry>
                  </distanceToTeamMap>
                  <id>1</id>
                </org.drools.solver.examples.travelingtournament.domain.Team>
                <int>80</int>
              </entry>
              <entry>
                <org.drools.solver.examples.travelingtournament.domain.Team reference="10"/>
                <int>665</int>
              </entry>
              <entry>
                <org.drools.solver.examples.travelingtournament.domain.Team reference="16"/>
                <int>380</int>
              </entry>
            </distanceToTeamMap>
            <id>2</id>
          </org.drools.solver.examples.travelingtournament.domain.Team>
          <int>665</int>
        </entry>
        <entry>
          <org.drools.solver.examples.travelingtournament.domain.Team reference="14"/>
          <int>745</int>
        </entry>
        <entry>
          <org.drools.solver.examples.travelingtournament.domain.Team reference="10"/>
          <int>0</int>
        </entry>
        <entry>
          <org.drools.solver.examples.travelingtournament.domain.Team reference="16"/>
          <int>929</int>
        </entry>
      </distanceToTeamMap>
      <id>0</id>
    </org.drools.solver.examples.travelingtournament.domain.Team>
    <org.drools.solver.examples.travelingtournament.domain.Team reference="14"/>
    <org.drools.solver.examples.travelingtournament.domain.Team reference="12"/>
    <org.drools.solver.examples.travelingtournament.domain.Team reference="16"/>
  </teamList>
  <matchList id="18">
    <org.drools.solver.examples.travelingtournament.domain.Match id="19">
      <homeTeam reference="10"/>
      <awayTeam reference="14"/>
      <day reference="7"/>
      <id>0</id>
    </org.drools.solver.examples.travelingtournament.domain.Match>
    <org.drools.solver.examples.travelingtournament.domain.Match id="20">
      <homeTeam reference="10"/>
      <awayTeam reference="12"/>
      <day reference="8"/>
      <id>1</id>
    </org.drools.solver.examples.travelingtournament.domain.Match>
    <org.drools.solver.examples.travelingtournament.domain.Match id="21">
      <homeTeam reference="10"/>
      <awayTeam reference="16"/>
      <day reference="6"/>
      <id>2</id>
    </org.drools.solver.examples.travelingtournament.domain.Match>
    <org.drools.solver.examples.travelingtournament.domain.Match id="22">
      <homeTeam reference="14"/>
      <awayTeam reference="10"/>
      <day reference="4"/>
      <id>3</id>
    </org.drools.solver.examples.travelingtournament.domain.Match>
    <org.drools.solver.examples.travelingtournament.domain.Match id="23">
      <homeTeam reference="14"/>
      <awayTeam reference="12"/>
      <day reference="6"/>
      <id>4</id>
    </org.drools.solver.examples.travelingtournament.domain.Match>
    <org.drools.solver.examples.travelingtournament.domain.Match id="24">
      <homeTeam reference="14"/>
      <awayTeam reference="16"/>
      <day reference="5"/>
      <id>5</id>
    </org.drools.solver.examples.travelingtournament.domain.Match>
    <org.drools.solver.examples.travelingtournament.domain.Match id="25">
      <homeTeam reference="12"/>
      <awayTeam reference="10"/>
      <day reference="5"/>
      <id>6</id>
    </org.drools.solver.examples.travelingtournament.domain.Match>
    <org.drools.solver.examples.travelingtournament.domain.Match id="26">
      <homeTeam reference="12"/>
      <awayTeam reference="14"/>
      <day reference="3"/>
      <id>7</id>
    </org.drools.solver.examples.travelingtournament.domain.Match>
    <org.drools.solver.examples.travelingtournament.domain.Match id="27">
      <homeTeam reference="12"/>
      <awayTeam reference="16"/>
      <day reference="4"/>
      <id>8</id>
    </org.drools.solver.examples.travelingtournament.domain.Match>
    <org.drools.solver.examples.travelingtournament.domain.Match id="28">
      <homeTeam reference="16"/>
      <awayTeam reference="10"/>
      <day reference="3"/>
      <id>9</id>
    </org.drools.solver.examples.travelingtournament.domain.Match>
    <org.drools.solver.examples.travelingtournament.domain.Match id="29">
      <homeTeam reference="16"/>
      <awayTeam reference="14"/>
      <day reference="8"/>
      <id>10</id>
    </org.drools.solver.examples.travelingtournament.domain.Match>
    <org.drools.solver.examples.travelingtournament.domain.Match id="30">
      <homeTeam reference="16"/>
      <awayTeam reference="12"/>
      <day reference="7"/>
      <id>11</id>
    </org.drools.solver.examples.travelingtournament.domain.Match>
  </matchList>
</org.drools.solver.examples.travelingtournament.domain.TravelingTournament>