<?xml version="1.0" encoding="UTF-8"?>
<localSearchSolver>
    <scoreDrl>/org/drools/solver/examples/travelingtournament/solver/smart/smartTravelingTournamentScoreRules.drl</scoreDrl>
    <scoreCalculator>
        <scoreCalculatorType>HARD_AND_SOFT_CONSTRAINTS</scoreCalculatorType>
    </scoreCalculator>
    <finish>
        <maximumHouresSpend>2</maximumHouresSpend>
    </finish>
    <selector>
        <moveFactoryClass>org.drools.solver.examples.travelingtournament.solver.smart.SmartTravelingTournamentMoveFactory</moveFactoryClass>
    </selector>
    <accepter>
        <completeSolutionTabuSize>1500</completeSolutionTabuSize>
    </accepter>
    <forager>
        <foragerType>MAX_SCORE_OF_ALL</foragerType>
    </forager>
</localSearchSolver>
        